batter_id,batter_name,team,position,games_played_2026,team_games_played,games_remaining_est,fp_g_projection,avg_fp_actual,avg_fp_5wk,games_5wk,fp_total_2026,fp_ros_projection,n_games_prior,fp_per_g_prior,pa_per_g_prior,xwoba_prior,barrel_pct_prior,hard_hit_pct_prior,sweet_spot_pct_prior,hr_per_pa_prior,sb_per_g_prior,bb_pct_prior,k_pct_prior,fb_pct_prior,is_home,park_factor,own_team_xwoba_prior
804606,Konnor Griffin,Pirates,SS,58,94,42.0,6.604,5.37,6.69,8.0,311.5,277.4,8,6.6875,4.875,0.31613864102564104,0.07407407407407407,0.4444444444444444,0.4074074074074074,0.02631578947368421,0.75,0.05128205128205128,0.23076923076923078,0.18518518518518517,0.5,100.0,0.3247632004936917
695578,James Wood,Nationals,RF,95,95,67.0,6.258,6.97,7.44,31.0,662.5,419.3,31,7.435483870967742,4.67741935483871,0.43970973793103446,0.18072289156626506,0.6265060240963856,0.42168674698795183,0.0625,0.16129032258064516,0.16551724137931034,0.2620689655172414,0.20481927710843373,0.5,100.0,0.3313062801784221
660670,Ronald Acuña Jr.,Braves,RF,53,93,39.3,6.05,5.41,3.0,3.0,286.5,237.8,19,6.7894736842105265,4.368421052631579,0.37608268674698797,0.14893617021276595,0.48936170212765956,0.2978723404255319,0.060240963855421686,0.42105263157894735,0.1686746987951807,0.25301204819277107,0.23404255319148937,0.5,100.0,0.33403941213804045
691718,Pete Crow-Armstrong,Cubs,CF,94,94,68.0,6.021,6.29,9.17,30.0,591.5,409.4,30,8.666666666666666,4.666666666666667,0.38617774285714285,0.09876543209876543,0.4691358024691358,0.4691358024691358,0.08695652173913043,0.3333333333333333,0.1357142857142857,0.2714285714285714,0.4444444444444444,0.5,100.0,0.3248021525377229
665487,Fernando Tatis Jr.,Padres,RF,92,94,66.6,5.924,4.93,6.17,32.0,454.0,394.5,32,6.171875,4.5625,0.3516915479452055,0.11926605504587157,0.5504587155963303,0.30275229357798167,0.027972027972027972,0.28125,0.0547945205479452,0.18493150684931506,0.1743119266055046,0.5,100.0,0.308381512866016
677951,Bobby Witt Jr.,Royals,SS,89,95,62.8,5.788,5.8,6.1,25.0,516.0,363.5,25,6.1,4.32,0.3907670555555555,0.0963855421686747,0.5421686746987951,0.37349397590361444,0.037037037037037035,0.32,0.08333333333333333,0.14814814814814814,0.21686746987951808,0.5,100.0,0.31933881526674235
660271,Shohei Ohtani,Dodgers,DH,86,95,60.7,5.668,6.42,6.82,28.0,552.5,344.0,28,6.821428571428571,4.357142857142857,0.4230579508196721,0.19736842105263158,0.5131578947368421,0.3684210526315789,0.08943089430894309,0.0,0.12295081967213115,0.2459016393442623,0.3157894736842105,0.5,100.0,0.34704850083287064
682829,Elly De La Cruz,Reds,SS,74,93,54.9,5.655,6.02,5.41,16.0,445.5,310.5,16,5.40625,4.4375,0.3674701408450704,0.16666666666666666,0.5238095238095238,0.35714285714285715,0.041666666666666664,0.1875,0.14084507042253522,0.2676056338028169,0.23809523809523808,0.5,100.0,0.3190471303317536
665833,Oneil Cruz,Pirates,CF,63,94,45.6,5.63,6.53,5.0,1.0,411.5,256.7,31,6.0,4.32258064516129,0.3605215223880597,0.10294117647058823,0.5588235294117647,0.35294117647058826,0.03759398496240601,0.3548387096774194,0.1417910447761194,0.3358208955223881,0.23529411764705882,0.5,100.0,0.3279201650256006
671218,Heliot Ramos,Giants,LF,56,94,40.5,5.58,4.86,6.62,12.0,272.0,226.0,12,6.625,4.25,0.42192305882352943,0.25,0.5833333333333334,0.5,0.0784313725490196,0.0,0.0392156862745098,0.2549019607843137,0.25,0.5,100.0,0.31067710785735
592450,Aaron Judge,Yankees,RF,59,94,42.7,5.562,6.09,,,359.5,237.5,31,5.82258064516129,4.32258064516129,0.40171251492537313,0.19480519480519481,0.6103896103896104,0.3246753246753247,0.05185185185185185,0.0,0.12686567164179105,0.2835820895522388,0.2597402597402597,0.5,100.0,0.3236690838392599
621439,Byron Buxton,Twins,CF,75,95,52.9,5.539,6.29,7.2,20.0,471.5,293.0,25,6.46,4.24,0.39583546226415095,0.18181818181818182,0.4805194805194805,0.35064935064935066,0.07692307692307693,0.12,0.05660377358490566,0.20754716981132076,0.23376623376623376,0.5,100.0,0.3125409186763881
545361,Mike Trout,Angels,CF,76,95,53.6,5.487,5.74,6.0,13.0,436.5,294.1,14,5.571428571428571,4.5,0.3336511269841269,0.16666666666666666,0.5,0.3611111111111111,0.0625,0.14285714285714285,0.07936507936507936,0.3333333333333333,0.2222222222222222,0.5,100.0,0.3117045191380777
672640,Otto Lopez,Marlins,SS,93,95,65.6,5.469,5.95,7.37,30.0,553.5,358.8,30,7.366666666666666,4.466666666666667,0.35617046268656716,0.06086956521739131,0.41739130434782606,0.3391304347826087,0.03007518796992481,0.23333333333333334,0.06716417910447761,0.07462686567164178,0.1826086956521739,0.5,100.0,0.31265289355662784
646240,Rafael Devers,Giants,DH,95,94,68.7,5.458,5.13,6.5,31.0,487.5,375.0,31,6.5,4.258064516129032,0.41563804545454547,0.14942528735632185,0.5402298850574713,0.3563218390804598,0.09848484848484848,0.0,0.14393939393939395,0.19696969696969696,0.3333333333333333,0.5,100.0,0.31067710785735
668804,Bryan Reynolds,Pirates,LF,94,94,68.0,5.447,5.8,6.57,30.0,545.5,370.4,31,6.387096774193548,4.451612903225806,0.3751628768115942,0.13636363636363635,0.5340909090909091,0.4431818181818182,0.058394160583941604,0.06451612903225806,0.12318840579710146,0.2318840579710145,0.3068181818181818,0.5,100.0,0.3247632004936917
678246,Miguel Vargas,White Sox,1B,92,93,68.3,5.439,5.85,5.42,30.0,538.5,371.5,30,5.416666666666667,4.233333333333333,0.41519680314960633,0.17894736842105263,0.4631578947368421,0.4421052631578947,0.047244094488188976,0.06666666666666667,0.10236220472440945,0.14960629921259844,0.4,0.5,100.0,0.32492551673944686
670541,Yordan Alvarez,Astros,DH,94,96,64.6,5.424,6.51,6.43,30.0,611.5,350.4,30,6.433333333333334,4.166666666666667,0.42501164799999996,0.19101123595505617,0.5280898876404494,0.3707865168539326,0.06976744186046512,0.0,0.096,0.192,0.29213483146067415,0.5,100.0,0.31794421920903954
677594,Julio Rodríguez,Mariners,CF,87,95,61.4,5.406,5.02,4.46,23.0,437.0,331.9,30,5.033333333333333,4.266666666666667,0.38262953125,0.11363636363636363,0.4772727272727273,0.38636363636363635,0.031746031746031744,0.23333333333333334,0.0859375,0.2109375,0.20454545454545456,0.5,100.0,0.32284877174244736
669065,Kyle Stowers,Marlins,1B,70,95,49.4,5.401,5.01,6.52,29.0,351.0,266.8,29,6.517241379310345,4.379310344827586,0.36603340157480313,0.18840579710144928,0.6086956521739131,0.391304347826087,0.06557377049180328,0.0,0.08661417322834646,0.33858267716535434,0.2463768115942029,0.5,100.0,0.31265289355662784
608369,Corey Seager,Rangers,SS,50,94,36.2,5.391,4.52,5.07,7.0,226.0,195.2,8,5.75,4.625,0.36314129729729727,0.13636363636363635,0.4090909090909091,0.3181818181818182,0.08108108108108109,0.0,0.16216216216216217,0.24324324324324326,0.2727272727272727,0.5,100.0,0.31619242711323764
596019,Francisco Lindor,Mets,SS,37,95,26.1,5.378,4.12,4.04,13.0,152.5,140.4,13,4.038461538461538,4.461538461538462,0.35680143103448275,0.06666666666666667,0.6222222222222222,0.3333333333333333,0.03508771929824561,0.0,0.06896551724137931,0.13793103448275862,0.17777777777777778,0.5,100.0,0.32512481248210706
665742,Juan Soto,Mets,LF,76,95,53.6,5.368,6.2,6.4,30.0,471.0,287.7,30,6.4,4.166666666666667,0.47702020799999995,0.11764705882352941,0.4823529411764706,0.3764705882352941,0.0625,0.03333333333333333,0.216,0.104,0.23529411764705882,0.5,100.0,0.32512481248210706
694671,Wyatt Langford,Rangers,LF,42,94,30.4,5.351,5.65,7.31,21.0,237.5,162.7,21,7.309523809523809,4.476190476190476,0.3317669893617021,0.1076923076923077,0.36923076923076925,0.3076923076923077,0.08602150537634409,0.14285714285714285,0.07446808510638298,0.22340425531914893,0.3230769230769231,0.5,100.0,0.31463714091827893
687462,Spencer Horwitz,Pirates,1B,74,94,53.5,5.344,4.64,5.5,15.0,343.0,285.9,30,5.233333333333333,4.5,0.364159037037037,0.14432989690721648,0.4020618556701031,0.31958762886597936,0.046511627906976744,0.0,0.1259259259259259,0.1259259259259259,0.23711340206185566,0.5,100.0,0.32582263671373557
694192,Jackson Chourio,Brewers,LF,59,93,43.8,5.338,6.14,6.06,32.0,362.5,233.8,33,5.878787878787879,4.606060606060606,0.3300897039473684,0.11009174311926606,0.45871559633027525,0.3211009174311927,0.05921052631578947,0.030303030303030304,0.05263157894736842,0.2236842105263158,0.1834862385321101,0.5,100.0,0.3221294729538374
691023,Jordan Walker,Cardinals,RF,90,92,68.5,5.317,6.22,6.27,31.0,560.0,364.2,31,6.274193548387097,4.225806451612903,0.3832913969465649,0.15730337078651685,0.5280898876404494,0.39325842696629215,0.05426356589147287,0.0967741935483871,0.06870229007633588,0.24427480916030533,0.14606741573033707,0.5,100.0,0.3259660396871379
682985,Riley Greene,Tigers,LF,92,93,68.3,5.308,5.09,5.16,29.0,468.5,362.5,29,5.155172413793103,4.241379310344827,0.37029325203252034,0.1794871794871795,0.48717948717948717,0.34615384615384615,0.05737704918032787,0.034482758620689655,0.12195121951219512,0.24390243902439024,0.41025641025641024,0.5,100.0,0.3226732304160689
691406,Junior Caminero,Rays,3B,92,92,70.0,5.293,6.01,6.61,32.0,553.0,370.5,32,6.609375,4.1875,0.35290026119402984,0.15555555555555556,0.5666666666666667,0.32222222222222224,0.10294117647058823,0.03125,0.05970149253731343,0.26119402985074625,0.2222222222222222,0.5,100.0,0.3106380091418461
606466,Ketel Marte,D-backs,DH,90,94,65.1,5.29,5.42,5.48,31.0,487.5,344.4,31,5.483870967741935,4.290322580645161,0.3470598947368421,0.10091743119266056,0.46788990825688076,0.3394495412844037,0.044444444444444446,0.12903225806451613,0.06015037593984962,0.10526315789473684,0.25688073394495414,0.5,100.0,0.30977675153823614
695506,Jac Caglianone,Royals,RF,88,95,62.1,5.283,4.45,6.17,29.0,391.5,328.1,29,6.172413793103448,4.275862068965517,0.37784321774193547,0.15,0.5375,0.35,0.07377049180327869,0.034482758620689655,0.04838709677419355,0.29838709677419356,0.2125,0.5,100.0,0.31933881526674235
808959,Munetaka Murakami,White Sox,1B,58,93,43.0,5.26,6.19,6.5,1.0,359.0,226.2,31,6.161290322580645,4.290322580645161,0.3418693909774436,0.1791044776119403,0.5373134328358209,0.2537313432835821,0.07462686567164178,0.03225806451612903,0.15789473684210525,0.3308270676691729,0.34328358208955223,1.0,98.0,0.3268359351763584
608070,José Ramírez,Guardians,3B,72,95,50.8,5.251,5.47,4.5,7.0,394.0,266.8,31,5.629032258064516,4.32258064516129,0.3356023208955224,0.038834951456310676,0.4854368932038835,0.4077669902912621,0.03076923076923077,0.2903225806451613,0.07462686567164178,0.1417910447761194,0.17475728155339806,0.5,100.0,0.3017113614388489
681624,Andy Pages,Dodgers,CF,93,95,65.6,5.247,5.68,5.03,29.0,528.5,344.2,29,5.0344827586206895,4.724137931034483,0.3329527372262774,0.06521739130434782,0.391304347826087,0.34782608695652173,0.029850746268656716,0.034482758620689655,0.10218978102189781,0.20437956204379562,0.2717391304347826,0.5,100.0,0.34704850083287064
802139,JJ Wetherholt,Cardinals,2B,86,92,65.4,5.245,5.12,5.14,29.0,440.5,343.0,29,5.137931034482759,4.551724137931035,0.3676912272727273,0.06930693069306931,0.40594059405940597,0.40594059405940597,0.031007751937984496,0.06896551724137931,0.08333333333333333,0.12121212121212122,0.24752475247524752,0.5,100.0,0.3259660396871379
592885,Christian Yelich,Brewers,DH,59,93,43.8,5.233,5.19,4.44,26.0,306.5,229.2,28,4.464285714285714,4.642857142857143,0.3060742769230769,0.0875,0.475,0.3,0.015503875968992248,0.07142857142857142,0.1,0.27692307692307694,0.2875,0.5,100.0,0.3221294729538374
805811,Bryce Eldridge,Giants,1B,53,94,38.3,5.202,4.66,4.95,30.0,247.0,199.2,30,4.95,4.3,0.36137739534883717,0.1375,0.5375,0.2625,0.046511627906976744,0.0,0.13953488372093023,0.24031007751937986,0.225,0.5,100.0,0.31067710785735
607043,Brandon Nimmo,Rangers,RF,88,94,63.7,5.2,4.42,4.7,27.0,389.0,331.2,27,4.703703703703703,4.074074074074074,0.40407549090909084,0.16049382716049382,0.5802469135802469,0.4567901234567901,0.01818181818181818,0.07407407407407407,0.07272727272727272,0.19090909090909092,0.25925925925925924,0.5,100.0,0.31463714091827893
621566,Matt Olson,Braves,1B,94,93,69.7,5.195,5.87,5.1,30.0,552.0,362.1,30,5.1,4.266666666666667,0.3434202109375,0.14457831325301204,0.5060240963855421,0.3132530120481928,0.0625,0.03333333333333333,0.09375,0.25,0.2891566265060241,0.5,100.0,0.3216973392185239
701762,Nick Kurtz,Athletics,DH,92,94,66.6,5.186,6.18,6.02,30.0,568.5,345.4,31,5.887096774193548,4.258064516129032,0.34675460606060604,0.1791044776119403,0.5970149253731343,0.40298507462686567,0.06666666666666667,0.03225806451612903,0.12121212121212122,0.3712121212121212,0.2537313432835821,0.5,100.0,0.3156479264081517
664040,Brandon Lowe,Pirates,2B,87,94,62.9,5.181,5.79,5.55,29.0,504.0,325.9,30,5.4,4.6,0.29932884057971015,0.11363636363636363,0.4431818181818182,0.3181818181818182,0.045112781954887216,0.03333333333333333,0.07246376811594203,0.2898550724637681,0.3068181818181818,0.5,100.0,0.3247632004936917
805808,Kevin McGonigle,Tigers,SS,90,93,66.8,5.178,5.28,5.52,30.0,475.5,345.9,30,5.516666666666667,4.533333333333333,0.3682404779411765,0.06521739130434782,0.3695652173913043,0.32608695652173914,0.03676470588235294,0.06666666666666667,0.16911764705882354,0.14705882352941177,0.2826086956521739,0.5,100.0,0.3226732304160689
663757,Trent Grisham,Yankees,CF,73,94,52.8,5.177,4.98,6.35,13.0,363.5,273.3,13,6.346153846153846,4.153846153846154,0.36241022222222224,0.05,0.575,0.4,0.018867924528301886,0.23076923076923078,0.07407407407407407,0.18518518518518517,0.15,0.5,100.0,0.3236690838392599
683737,Michael Busch,Cubs,1B,93,94,67.3,5.161,4.59,4.22,30.0,427.0,347.3,30,4.216666666666667,4.633333333333334,0.347985273381295,0.08433734939759036,0.3855421686746988,0.37349397590361444,0.03759398496240601,0.03333333333333333,0.1510791366906475,0.2158273381294964,0.3132530120481928,0.5,100.0,0.3248021525377229
575929,Willson Contreras,Red Sox,1B,86,92,65.4,5.158,5.67,5.88,28.0,488.0,337.3,30,6.383333333333334,4.1,0.3803390569105691,0.1518987341772152,0.5316455696202531,0.3291139240506329,0.07563025210084033,0.03333333333333333,0.08130081300813008,0.24390243902439024,0.26582278481012656,0.5,100.0,0.30748887895995214
656941,Kyle Schwarber,Phillies,DH,91,95,64.2,5.156,5.97,5.61,31.0,543.5,331.0,31,5.612903225806452,4.32258064516129,0.37749476119402986,0.125,0.59375,0.421875,0.06666666666666667,0.03225806451612903,0.15671641791044777,0.3656716417910448,0.234375,0.5,100.0,0.3179612054951345
687263,Zach Neto,Angels,SS,92,95,64.9,5.153,5.48,5.73,31.0,504.5,334.4,31,5.725806451612903,4.354838709677419,0.3037534148148148,0.18666666666666668,0.48,0.32,0.06666666666666667,0.03225806451612903,0.07407407407407407,0.362962962962963,0.38666666666666666,0.5,100.0,0.3117045191380777
518692,Freddie Freeman,Dodgers,1B,92,95,64.9,5.14,5.47,5.65,31.0,503.0,333.6,31,5.645161290322581,4.32258064516129,0.4085990298507463,0.09375,0.4166666666666667,0.4166666666666667,0.03787878787878788,0.03225806451612903,0.11940298507462686,0.14925373134328357,0.2708333333333333,0.5,100.0,0.34704850083287064
624413,Pete Alonso,Orioles,1B,95,95,67.0,5.127,5.43,5.9,31.0,515.5,343.5,31,5.903225806451613,4.258064516129032,0.40667237121212124,0.1388888888888889,0.5,0.4027777777777778,0.06201550387596899,0.0,0.15151515151515152,0.2803030303030303,0.2777777777777778,0.5,100.0,0.3248489634042553
621043,Carlos Correa,Astros,SS,32,96,22.0,5.108,5.31,,,170.0,112.4,27,5.592592592592593,4.407407407407407,0.3773160336134454,0.12658227848101267,0.4177215189873418,0.4177215189873418,0.025423728813559324,0.037037037037037035,0.13445378151260504,0.20168067226890757,0.189873417721519,0.5,100.0,0.3404589505376344
668930,Brice Turang,Brewers,2B,88,93,65.3,5.107,6.18,5.92,30.0,543.5,333.5,31,5.919354838709677,4.645161290322581,0.2912270138888889,0.08163265306122448,0.3877551020408163,0.3877551020408163,0.041379310344827586,0.12903225806451613,0.034722222222222224,0.2916666666666667,0.23469387755102042,0.5,100.0,0.3221294729538374
673962,Josh Jung,Rangers,3B,85,94,61.5,5.091,4.85,4.44,27.0,412.0,313.1,27,4.444444444444445,4.555555555555555,0.3327776910569106,0.075,0.5875,0.4375,0.01652892561983471,0.0,0.10569105691056911,0.22764227642276422,0.15,0.5,100.0,0.31463714091827893
665019,Kody Clemens,Twins,2B,80,95,56.4,5.091,5.11,6.31,29.0,409.0,287.1,29,6.310344827586207,4.241379310344827,0.3568311219512195,0.10869565217391304,0.4891304347826087,0.358695652173913,0.06504065040650407,0.034482758620689655,0.04878048780487805,0.2032520325203252,0.29347826086956524,0.5,100.0,0.3125409186763881
669016,Brandon Marsh,Phillies,LF,89,95,62.8,5.071,5.26,5.84,31.0,468.0,318.5,31,5.838709677419355,4.387096774193548,0.30216247794117645,0.1411764705882353,0.47058823529411764,0.4470588235294118,0.06666666666666667,0.0967741935483871,0.051470588235294115,0.3161764705882353,0.25882352941176473,0.5,100.0,0.3179612054951345
605141,Mookie Betts,Dodgers,SS,58,95,40.9,5.051,4.94,5.61,28.0,286.5,206.6,28,5.607142857142857,4.357142857142857,0.34394511475409834,0.07920792079207921,0.43564356435643564,0.45544554455445546,0.04065040650406504,0.03571428571428571,0.06557377049180328,0.10655737704918032,0.2871287128712871,0.5,100.0,0.34704850083287064
676475,Alec Burleson,Cardinals,1B,91,92,69.2,5.044,5.47,5.39,32.0,498.0,349.0,32,5.390625,4.03125,0.37951911627906976,0.13,0.49,0.35,0.05555555555555555,0.03125,0.06201550387596899,0.14728682170542637,0.26,0.5,100.0,0.3259660396871379
668904,Royce Lewis,Twins,3B,61,95,43.0,5.041,4.33,5.25,30.0,264.0,216.8,30,5.25,4.333333333333333,0.31685321538461536,0.125,0.42045454545454547,0.3409090909090909,0.046511627906976744,0.1,0.08461538461538462,0.23846153846153847,0.25,0.5,100.0,0.3125409186763881
543807,George Springer,Blue Jays,DH,65,94,47.0,5.039,4.36,5.05,22.0,283.5,236.8,22,5.045454545454546,4.5,0.3110032828282828,0.06349206349206349,0.4126984126984127,0.3492063492063492,0.041237113402061855,0.13636363636363635,0.13131313131313133,0.2222222222222222,0.25396825396825395,0.5,100.0,0.2990136910735123
701538,Jackson Merrill,Padres,CF,90,94,65.1,5.036,4.47,4.81,32.0,402.5,327.8,32,4.8125,4.28125,0.2711510218978102,0.08080808080808081,0.42424242424242425,0.35353535353535354,0.029197080291970802,0.28125,0.0364963503649635,0.24817518248175183,0.2828282828282828,0.5,100.0,0.308381512866016
800050,Chase DeLauter,Guardians,RF,78,95,55.0,5.034,4.95,6.39,18.0,386.0,276.9,18,6.388888888888889,4.277777777777778,0.32162535064935066,0.05084745762711865,0.559322033898305,0.2542372881355932,0.03896103896103896,0.05555555555555555,0.05194805194805195,0.18181818181818182,0.22033898305084745,0.5,100.0,0.3017113614388489
683002,Gunnar Henderson,Orioles,SS,94,95,66.3,5.026,4.76,4.24,31.0,447.5,333.2,31,4.241935483870968,4.483870967741935,0.32186708633093525,0.0297029702970297,0.46534653465346537,0.26732673267326734,0.022058823529411766,0.03225806451612903,0.10071942446043165,0.1510791366906475,0.21782178217821782,0.5,100.0,0.3248489634042553
701807,Carson Benge,Mets,RF,91,95,64.2,5.024,4.87,5.58,32.0,443.0,322.5,32,5.578125,4.40625,0.37829963829787233,0.049019607843137254,0.37254901960784315,0.4215686274509804,0.03496503496503497,0.125,0.07801418439716312,0.19148936170212766,0.2549019607843137,0.5,100.0,0.32512481248210706
701398,Sal Stewart,Reds,1B,93,93,69.0,5.009,5.72,5.69,31.0,532.0,345.6,31,5.693548387096774,4.225806451612903,0.3300604427480916,0.14606741573033707,0.4606741573033708,0.3258426966292135,0.05263157894736842,0.03225806451612903,0.08396946564885496,0.2366412213740458,0.25842696629213485,0.5,100.0,0.3190471303317536
607208,Trea Turner,Phillies,SS,91,95,64.2,5.008,4.8,5.16,29.0,436.5,321.5,29,5.155172413793103,4.551724137931035,0.2897501590909091,0.07368421052631578,0.4105263157894737,0.3473684210526316,0.022900763358778626,0.10344827586206896,0.03787878787878788,0.23484848484848486,0.2,0.5,100.0,0.3179612054951345
695600,Carter Jensen,Royals,C,86,95,60.7,5.001,4.59,6.12,28.0,394.5,303.6,28,6.125,4.357142857142857,0.326105262295082,0.0963855421686747,0.4939759036144578,0.39759036144578314,0.05,0.03571428571428571,0.07377049180327869,0.2459016393442623,0.30120481927710846,0.5,100.0,0.31933881526674235
700250,Ben Rice,Yankees,DH,88,94,63.7,4.978,6.41,5.44,31.0,564.0,317.1,31,5.435483870967742,4.32258064516129,0.3336849776119403,0.12222222222222222,0.4,0.34444444444444444,0.08148148148148149,0.0,0.08955223880597014,0.23134328358208955,0.28888888888888886,0.5,100.0,0.3236690838392599
665161,Jeremy Peña,Astros,SS,48,96,33.0,4.974,5.44,5.5,21.0,261.0,164.1,21,5.5,4.190476190476191,0.3001739090909091,0.03278688524590164,0.4918032786885246,0.29508196721311475,0.03409090909090909,0.23809523809523808,0.09090909090909091,0.2159090909090909,0.18032786885245902,0.5,100.0,0.31794421920903954
669477,Casey Schmitt,Giants,3B,86,94,62.2,4.974,5.24,4.08,30.0,451.0,309.4,30,4.083333333333333,4.3,0.36457161240310076,0.08823529411764706,0.4411764705882353,0.4803921568627451,0.023809523809523808,0.1,0.015503875968992248,0.17829457364341086,0.23529411764705882,0.5,100.0,0.31067710785735
621020,Dansby Swanson,Cubs,SS,89,94,64.4,4.97,5.11,7.3,28.0,454.5,320.1,28,7.303571428571429,3.857142857142857,0.32328487037037035,0.09090909090909091,0.45454545454545453,0.2987012987012987,0.08411214953271028,0.25,0.06481481481481481,0.2222222222222222,0.2987012987012987,0.5,100.0,0.3248021525377229
669257,Will Smith,Dodgers,C,52,95,36.7,4.969,4.09,,,212.5,182.4,24,4.0,4.083333333333333,0.4129250612244898,0.15151515151515152,0.42424242424242425,0.4393939393939394,0.031914893617021274,0.0,0.1326530612244898,0.17346938775510204,0.30303030303030304,0.5,100.0,0.3519768188943895
547180,Bryce Harper,Phillies,1B,94,95,66.3,4.96,5.72,5.97,32.0,538.0,328.8,32,5.5,4.34375,0.3597757985611511,0.07142857142857142,0.5119047619047619,0.34523809523809523,0.04411764705882353,0.0,0.15827338129496402,0.23741007194244604,0.25,0.5,100.0,0.3179612054951345
696100,Hunter Goodman,Rockies,C,88,96,60.5,4.929,5.61,6.08,30.0,493.5,298.2,30,6.083333333333333,4.033333333333333,0.3731067603305785,0.1917808219178082,0.4520547945205479,0.3287671232876712,0.08943089430894309,0.0,0.09090909090909091,0.30578512396694213,0.2054794520547945,0.5,100.0,0.3091372676880223
677800,Wilyer Abreu,Red Sox,RF,90,92,68.5,4.926,4.96,5.02,29.0,446.5,337.4,29,5.017241379310345,4.413793103448276,0.3162723671875,0.13414634146341464,0.3780487804878049,0.3902439024390244,0.032520325203252036,0.06896551724137931,0.109375,0.2421875,0.25609756097560976,0.5,100.0,0.3074880947025747
665862,Jazz Chisholm Jr.,Yankees,2B,89,94,64.4,4.924,4.74,4.98,29.0,422.0,317.1,29,4.982758620689655,3.689655172413793,0.303345738317757,0.14754098360655737,0.45901639344262296,0.2459016393442623,0.056074766355140186,0.3448275862068966,0.12149532710280374,0.308411214953271,0.26229508196721313,0.5,100.0,0.3236690838392599
605137,Josh Bell,Twins,DH,92,95,64.9,4.913,4.89,6.33,30.0,450.0,318.9,30,6.333333333333333,4.033333333333333,0.3954284462809917,0.13333333333333333,0.45555555555555555,0.37777777777777777,0.06611570247933884,0.0,0.0743801652892562,0.18181818181818182,0.2777777777777778,0.5,100.0,0.3125409186763881
668227,Randy Arozarena,Mariners,LF,87,95,61.4,4.906,5.51,5.83,23.0,479.0,301.2,23,5.826086956521739,4.217391304347826,0.38248489690721643,0.09375,0.453125,0.421875,0.043478260869565216,0.043478260869565216,0.10309278350515463,0.18556701030927836,0.15625,0.5,100.0,0.3201166018306636
592518,Manny Machado,Padres,3B,91,94,65.8,4.882,4.64,5.52,31.0,422.5,321.2,31,5.516129032258065,4.161290322580645,0.33010131782945734,0.1511627906976744,0.4186046511627907,0.37209302325581395,0.061068702290076333,0.03225806451612903,0.11627906976744186,0.21705426356589147,0.3488372093023256,0.5,100.0,0.308381512866016
669127,Shea Langeliers,Athletics,DH,84,94,60.8,4.877,5.41,4.24,27.0,454.5,296.5,27,4.2407407407407405,4.407407407407407,0.3049633193277311,0.12,0.4,0.37333333333333335,0.03361344537815126,0.07407407407407407,0.06722689075630252,0.29411764705882354,0.21333333333333335,0.5,100.0,0.3156479264081517
671277,Luis García Jr.,Nationals,1B,88,95,62.1,4.872,5.43,7.27,30.0,477.5,302.6,30,7.266666666666667,3.6,0.41629840740740737,0.16470588235294117,0.4588235294117647,0.4,0.12037037037037036,0.06666666666666667,0.05555555555555555,0.1574074074074074,0.21176470588235294,0.5,100.0,0.3313062801784221
682928,CJ Abrams,Nationals,SS,91,95,64.2,4.867,6.03,5.57,28.0,549.0,312.5,28,5.571428571428571,4.142857142857143,0.2818967327586207,0.07317073170731707,0.3780487804878049,0.32926829268292684,0.0625,0.21428571428571427,0.04310344827586207,0.2413793103448276,0.3170731707317073,0.5,100.0,0.3313062801784221
672695,Geraldo Perdomo,D-backs,SS,90,94,65.1,4.86,4.52,5.03,30.0,406.5,316.4,30,5.033333333333333,4.333333333333333,0.3311109384615385,0.03225806451612903,0.2903225806451613,0.3333333333333333,0.023255813953488372,0.2,0.15384615384615385,0.11538461538461539,0.27956989247311825,0.5,100.0,0.30977675153823614
621493,Taylor Ward,Orioles,LF,94,95,66.3,4.856,4.49,4.1,31.0,422.5,322.0,31,4.096774193548387,4.451612903225806,0.3513391884057971,0.07865168539325842,0.39325842696629215,0.449438202247191,0.021897810218978103,0.03225806451612903,0.12318840579710146,0.21739130434782608,0.2696629213483146,0.5,100.0,0.3248489634042553
680777,Ryan Jeffers,Twins,C,38,95,26.8,4.855,5.84,4.0,1.0,222.0,130.1,25,6.28,3.96,0.40182432323232314,0.15714285714285714,0.4142857142857143,0.4,0.061224489795918366,0.04,0.16161616161616163,0.13131313131313133,0.2857142857142857,1.0,99.0,0.31300415647784635
803011,Sam Antonacci,White Sox,3B,73,93,54.2,4.848,4.79,5.34,28.0,349.5,262.8,28,5.339285714285714,4.178571428571429,0.34966873504273505,0.060240963855421686,0.3614457831325301,0.42168674698795183,0.03508771929824561,0.17857142857142858,0.09401709401709402,0.1623931623931624,0.27710843373493976,0.5,100.0,0.32492551673944686
673548,Seiya Suzuki,Cubs,RF,78,94,56.4,4.843,5.31,6.57,28.0,414.5,273.1,28,6.571428571428571,4.428571428571429,0.32876546774193544,0.1,0.375,0.4125,0.04918032786885246,0.03571428571428571,0.08870967741935484,0.2661290322580645,0.2375,0.5,100.0,0.3248021525377229
647304,Josh Naylor,Mariners,1B,88,95,62.1,4.839,4.51,4.38,29.0,397.0,300.5,29,4.379310344827586,4.275862068965517,0.2980723064516129,0.0297029702970297,0.36633663366336633,0.37623762376237624,0.01639344262295082,0.20689655172413793,0.06451612903225806,0.10483870967741936,0.22772277227722773,0.5,100.0,0.3201166018306636
671056,Iván Herrera,Cardinals,DH,92,92,70.0,4.827,4.8,4.48,32.0,441.5,337.9,32,4.484375,4.3125,0.3290839130434782,0.033707865168539325,0.3707865168539326,0.2808988764044944,0.031746031746031744,0.09375,0.11594202898550725,0.15217391304347827,0.20224719101123595,0.5,100.0,0.3259660396871379
678554,Curtis Mead,Nationals,3B,78,95,55.0,4.807,4.72,4.83,29.0,368.0,264.4,29,4.827586206896552,4.0,0.35378020689655176,0.125,0.4125,0.35,0.05982905982905983,0.06896551724137931,0.07758620689655173,0.21551724137931033,0.25,0.5,100.0,0.3313062801784221
699013,Esmerlyn Valdez,Pirates,RF,25,94,18.1,4.8,5.8,6.0,20.0,145.0,86.9,20,6.0,3.7,0.3805238648648649,0.27906976744186046,0.46511627906976744,0.3953488372093023,0.0684931506849315,0.0,0.0945945945945946,0.32432432432432434,0.32558139534883723,0.5,100.0,0.3247632004936917
521692,Salvador Perez,Royals,1B,87,95,61.4,4.79,3.7,3.67,26.0,321.5,294.1,26,3.673076923076923,4.269230769230769,0.2841279279279279,0.11764705882352941,0.49411764705882355,0.38823529411764707,0.01834862385321101,0.0,0.009009009009009009,0.2072072072072072,0.27058823529411763,0.5,100.0,0.31933881526674235
695657,Colson Montgomery,White Sox,SS,89,93,66.0,4.789,4.89,5.09,27.0,435.5,316.1,27,5.092592592592593,4.148148148148148,0.3293777142857143,0.13432835820895522,0.43283582089552236,0.31343283582089554,0.07079646017699115,0.0,0.07142857142857142,0.33035714285714285,0.34328358208955223,0.5,100.0,0.32492551673944686
664761,Alec Bohm,Phillies,3B,89,95,62.8,4.78,3.99,4.65,30.0,355.0,300.2,30,4.65,4.233333333333333,0.3318438267716535,0.09473684210526316,0.3684210526315789,0.3368421052631579,0.04065040650406504,0.03333333333333333,0.07086614173228346,0.14960629921259844,0.21052631578947367,0.5,100.0,0.3179612054951345
667670,Brent Rooker,Athletics,DH,48,94,34.7,4.773,4.52,6.83,3.0,217.0,165.6,30,4.683333333333334,4.133333333333334,0.3278675806451613,0.16901408450704225,0.43661971830985913,0.38028169014084506,0.056451612903225805,0.0,0.08870967741935484,0.3225806451612903,0.352112676056338,0.5,100.0,0.32087441875248307
671739,Michael Harris II,Braves,CF,88,93,65.3,4.772,5.27,5.44,27.0,464.0,311.6,27,5.444444444444445,4.111111111111111,0.3342265945945946,0.1,0.4375,0.3625,0.02727272727272727,0.1111111111111111,0.036036036036036036,0.24324324324324326,0.1875,0.5,100.0,0.3216973392185239
703607,Henry Bolte,Athletics,CF,50,94,36.2,4.763,4.02,4.05,31.0,201.0,172.4,31,4.048387096774194,3.967741935483871,0.32949453658536587,0.1111111111111111,0.4166666666666667,0.3055555555555556,0.02608695652173913,0.22580645161290322,0.07317073170731707,0.2845528455284553,0.125,0.5,100.0,0.3156479264081517
681715,Heriberto Hernández,Marlins,LF,65,95,45.8,4.761,4.32,5.06,27.0,281.0,218.1,27,5.055555555555555,3.6666666666666665,0.39264020202020194,0.14925373134328357,0.582089552238806,0.40298507462686567,0.08,0.0,0.10101010101010101,0.2222222222222222,0.3880597014925373,0.5,100.0,0.31265289355662784
669394,Jake Burger,Rangers,1B,90,94,65.1,4.754,4.82,5.12,29.0,433.5,309.5,29,5.120689655172414,3.9655172413793105,0.3270833043478261,0.13333333333333333,0.44,0.22666666666666666,0.05263157894736842,0.034482758620689655,0.09565217391304348,0.23478260869565218,0.30666666666666664,0.5,100.0,0.31463714091827893
701350,Roman Anthony,Red Sox,LF,30,92,22.8,4.739,3.73,,,112.0,108.0,26,3.75,4.230769230769231,0.35822251818181816,0.09090909090909091,0.4393939393939394,0.42424242424242425,0.009174311926605505,0.07692307692307693,0.15454545454545454,0.23636363636363636,0.21212121212121213,0.5,100.0,0.3140811852986217
650402,Gleyber Torres,Tigers,2B,42,93,31.2,4.734,4.69,4.31,8.0,197.0,147.7,11,6.181818181818182,4.090909090909091,0.3318654444444445,0.13333333333333333,0.5,0.43333333333333335,0.044444444444444446,0.0,0.06666666666666667,0.24444444444444444,0.26666666666666666,0.5,100.0,0.32471375611564124
608324,Alex Bregman,Cubs,3B,92,94,66.6,4.72,4.26,4.29,29.0,392.0,314.4,29,4.293103448275862,4.586206896551724,0.3037274661654135,0.021739130434782608,0.33695652173913043,0.34782608695652173,0.015873015873015872,0.0,0.15037593984962405,0.13533834586466165,0.25,0.5,100.0,0.3248021525377229
665489,Vladimir Guerrero Jr.,Blue Jays,1B,89,94,64.4,4.72,4.54,3.91,27.0,404.0,304.0,27,3.9074074074074074,4.2592592592592595,0.31385080000000004,0.08235294117647059,0.4235294117647059,0.2823529411764706,0.017543859649122806,0.037037037037037035,0.0782608695652174,0.1826086956521739,0.16470588235294117,0.5,100.0,0.2990136910735123
664983,Jake McCarthy,Rockies,LF,77,96,52.9,4.717,5.5,6.96,27.0,423.5,249.5,27,6.962962962962963,4.407407407407407,0.3105116806722689,0.05319148936170213,0.2765957446808511,0.3829787234042553,0.042735042735042736,0.1111111111111111,0.05042016806722689,0.15126050420168066,0.18085106382978725,0.5,100.0,0.3091372676880223
686611,Dylan Crews,Nationals,LF,44,95,31.0,4.717,4.31,4.73,31.0,189.5,146.2,31,4.725806451612903,3.967741935483871,0.33676939024390246,0.08139534883720931,0.4418604651162791,0.3488372093023256,0.04065040650406504,0.12903225806451613,0.06504065040650407,0.22764227642276422,0.26744186046511625,0.5,100.0,0.3313062801784221
663968,Jake Mangum,Pirates,CF,66,94,47.7,4.714,4.33,5.16,28.0,285.5,224.9,28,5.160714285714286,4.142857142857143,0.3027167672413793,0.02197802197802198,0.2857142857142857,0.25274725274725274,0.008771929824561403,0.2857142857142857,0.034482758620689655,0.15517241379310345,0.12087912087912088,0.5,100.0,0.3247632004936917
672515,Gabriel Moreno,D-backs,C,67,94,48.5,4.708,4.71,5.12,28.0,315.5,228.3,28,5.125,4.178571428571429,0.37763873504273504,0.03409090909090909,0.4090909090909091,0.32954545454545453,0.02608695652173913,0.03571428571428571,0.1282051282051282,0.10256410256410256,0.1590909090909091,0.5,100.0,0.30977675153823614
681082,Bryson Stott,Phillies,2B,89,95,62.8,4.701,4.39,5.08,32.0,391.0,295.2,32,5.078125,4.125,0.33731714393939394,0.05434782608695652,0.358695652173913,0.358695652173913,0.007633587786259542,0.1875,0.10606060606060606,0.1893939393939394,0.29347826086956524,0.5,100.0,0.3179612054951345
650490,Yandy Díaz,Rays,DH,88,92,67.0,4.698,5.63,5.18,31.0,495.5,314.8,31,5.17741935483871,4.32258064516129,0.3375238358208955,0.020833333333333332,0.5,0.34375,0.015151515151515152,0.0,0.1044776119402985,0.16417910447761194,0.13541666666666666,0.5,100.0,0.3106380091418461
661388,William Contreras,Brewers,C,87,93,64.5,4.695,5.03,4.83,30.0,437.5,302.8,31,4.67741935483871,4.129032258064516,0.34674973437499995,0.07920792079207921,0.4158415841584158,0.33663366336633666,0.03937007874015748,0.0,0.0625,0.1328125,0.16831683168316833,0.5,100.0,0.3221294729538374
519317,Giancarlo Stanton,Yankees,DH,24,94,17.4,4.692,4.54,,,109.0,81.6,24,4.541666666666667,4.0,0.325627375,0.18032786885245902,0.4426229508196721,0.39344262295081966,0.03125,0.041666666666666664,0.0625,0.3020833333333333,0.18032786885245902,0.5,100.0,0.34497864790174
669003,Garrett Mitchell,Brewers,CF,82,93,60.8,4.686,4.69,5.47,29.0,384.5,284.9,30,5.416666666666667,3.7333333333333334,0.415221125,0.1891891891891892,0.527027027027027,0.43243243243243246,0.044642857142857144,0.0,0.0625,0.2767857142857143,0.14864864864864866,0.5,100.0,0.3221294729538374
686527,Dominic Canzone,Mariners,DH,82,95,57.8,4.675,4.04,5.17,27.0,331.5,270.2,27,5.166666666666667,3.6666666666666665,0.4046987171717172,0.15492957746478872,0.49295774647887325,0.39436619718309857,0.08163265306122448,0.0,0.09090909090909091,0.18181818181818182,0.2112676056338028,0.5,100.0,0.3201166018306636
666182,Bo Bichette,Mets,3B,94,95,66.3,4.666,4.68,5.53,31.0,440.0,309.4,32,5.640625,4.34375,0.32150374820143884,0.0673076923076923,0.41346153846153844,0.4326923076923077,0.03676470588235294,0.0,0.03597122302158273,0.20863309352517986,0.19230769230769232,0.5,100.0,0.32512481248210706
805999,A.J. Ewing,Mets,2B,55,95,38.8,4.664,4.8,5.2,32.0,264.0,181.0,32,5.203125,3.875,0.37092197580645164,0.09302325581395349,0.45348837209302323,0.36046511627906974,0.04918032786885246,0.0625,0.10483870967741936,0.1935483870967742,0.29069767441860467,0.5,100.0,0.32512481248210706
691176,Jasson Domínguez,Yankees,RF,33,94,23.9,4.662,4.32,4.48,25.0,142.5,111.4,25,4.48,4.0,0.2966069,0.07142857142857142,0.37142857142857144,0.35714285714285715,0.04040404040404041,0.24,0.05,0.24,0.24285714285714285,0.5,100.0,0.3236690838392599
666018,Jonathan Aranda,Rays,1B,91,92,69.2,4.656,5.38,4.9,31.0,490.0,322.2,31,4.903225806451613,4.354838709677419,0.34007985185185186,0.06382978723404255,0.39361702127659576,0.39361702127659576,0.015267175572519083,0.0,0.08888888888888889,0.18518518518518517,0.22340425531914893,0.5,100.0,0.3106380091418461
641343,Jake Bauers,Brewers,DH,84,93,62.3,4.653,5.6,5.35,30.0,470.0,289.9,31,5.774193548387097,3.935483870967742,0.37335320491803275,0.15873015873015872,0.5238095238095238,0.5396825396825397,0.05785123966942149,0.03225806451612903,0.16393442622950818,0.3114754098360656,0.25396825396825395,0.5,100.0,0.3221294729538374
592626,Joc Pederson,Rangers,DH,86,94,62.2,4.647,3.78,3.91,27.0,325.5,289.0,27,3.9074074074074074,3.6296296296296298,0.3601799489795918,0.15873015873015872,0.5396825396825397,0.2857142857142857,0.07216494845360824,0.037037037037037035,0.08163265306122448,0.2653061224489796,0.20634920634920634,0.5,100.0,0.31463714091827893
693307,Dillon Dingler,Tigers,C,84,93,62.3,4.643,5.48,5.62,28.0,460.5,289.3,29,5.620689655172414,4.206896551724138,0.32491209836065577,0.07865168539325842,0.4157303370786517,0.39325842696629215,0.0423728813559322,0.0,0.02459016393442623,0.22950819672131148,0.33707865168539325,0.5,100.0,0.32279028194726167
656811,Ryan O'Hearn,Pirates,DH,78,94,56.4,4.642,5.79,6.12,30.0,451.5,261.8,31,5.919354838709677,4.193548387096774,0.3033822307692308,0.08602150537634409,0.46236559139784944,0.40860215053763443,0.05384615384615385,0.0,0.038461538461538464,0.24615384615384617,0.2903225806451613,0.5,100.0,0.3247632004936917
682998,Corbin Carroll,D-backs,RF,91,94,65.8,4.64,5.37,4.53,31.0,489.0,305.3,31,4.532258064516129,4.129032258064516,0.32398228124999995,0.08860759493670886,0.379746835443038,0.26582278481012656,0.030534351145038167,0.0967741935483871,0.1171875,0.25,0.17721518987341772,0.5,100.0,0.30977675153823614
683953,Travis Bazzana,Guardians,2B,63,95,44.4,4.636,4.83,4.24,29.0,304.0,205.8,29,4.241379310344827,4.448275862068965,0.2600822325581395,0.036585365853658534,0.34146341463414637,0.21951219512195122,0.023622047244094488,0.10344827586206896,0.12403100775193798,0.24031007751937986,0.17073170731707318,0.5,100.0,0.3017113614388489
650333,Luis Arraez,Giants,2B,90,94,65.1,4.635,5.23,5.62,29.0,470.5,301.7,29,5.620689655172414,4.413793103448276,0.305107546875,0.008403361344537815,0.24369747899159663,0.37815126050420167,0.015625,0.10344827586206896,0.0546875,0.03125,0.2689075630252101,0.5,100.0,0.31067710785735
657041,Lane Thomas,Royals,CF,77,95,54.3,4.634,3.56,4.82,30.0,274.5,251.6,30,4.816666666666666,4.066666666666666,0.34016597540983606,0.1,0.475,0.3875,0.04132231404958678,0.03333333333333333,0.09016393442622951,0.2459016393442623,0.1625,0.5,100.0,0.31933881526674235
656305,Matt Chapman,Giants,3B,85,94,61.5,4.618,4.26,3.93,22.0,362.5,284.0,31,5.145161290322581,4.193548387096774,0.32432711538461534,0.09411764705882353,0.4117647058823529,0.3411764705882353,0.04838709677419355,0.0,0.1076923076923077,0.2153846153846154,0.18823529411764706,0.5,100.0,0.3076934825063613
643289,Mauricio Dubón,Braves,LF,90,93,66.8,4.611,4.72,4.95,30.0,424.5,308.0,30,4.95,4.266666666666667,0.331006578125,0.019230769230769232,0.34615384615384615,0.34615384615384615,0.023622047244094488,0.06666666666666667,0.0703125,0.1171875,0.17307692307692307,0.5,100.0,0.3216973392185239
686797,Brooks Lee,Twins,SS,89,95,62.8,4.611,4.89,5.29,29.0,435.0,289.6,29,5.293103448275862,4.413793103448276,0.281499359375,0.009900990099009901,0.31683168316831684,0.32673267326732675,0.0390625,0.06896551724137931,0.0859375,0.125,0.2376237623762376,0.5,100.0,0.3125409186763881
686948,Drake Baldwin,Braves,C,71,93,52.7,4.608,5.52,3.15,23.0,392.0,242.8,23,3.152173913043478,4.304347826086956,0.27502034343434345,0.08333333333333333,0.43333333333333335,0.26666666666666666,0.031578947368421054,0.0,0.050505050505050504,0.30303030303030304,0.2,0.5,100.0,0.3216973392185239
673357,Luis Robert Jr.,Mets,CF,24,95,16.9,4.599,3.96,,,95.0,77.7,24,3.9583333333333335,4.083333333333333,0.32334687755102043,0.029411764705882353,0.4264705882352941,0.23529411764705882,0.02040816326530612,0.08333333333333333,0.1326530612244898,0.17346938775510204,0.17647058823529413,0.5,100.0,0.32512481248210706
694362,Blake Dunn,Reds,CF,35,93,26.0,4.598,4.5,4.47,15.0,157.5,119.5,27,4.185185185185185,4.444444444444445,0.2772119,0.011904761904761904,0.2976190476190476,0.34523809523809523,0.008264462809917356,0.14814814814814814,0.058333333333333334,0.225,0.2619047619047619,0.5,100.0,0.3248292433898305
691783,Jordan Lawlar,D-backs,LF,12,94,8.7,4.596,4.75,4.92,6.0,57.0,40.0,6,4.916666666666667,4.0,0.3381140833333333,0.0,0.125,0.375,0.0,0.5,0.08333333333333333,0.16666666666666666,0.3125,0.5,100.0,0.31170421854545455
668709,JJ Bleday,Reds,LF,65,93,48.2,4.592,5.35,4.26,31.0,347.5,221.3,31,4.258064516129032,4.161290322580645,0.34526266666666666,0.05952380952380952,0.3333333333333333,0.4166666666666667,0.03968253968253968,0.0967741935483871,0.14728682170542637,0.18604651162790697,0.30952380952380953,0.5,100.0,0.3190471303317536
672960,Kazuma Okamoto,Blue Jays,3B,90,94,65.1,4.59,5.18,6.03,29.0,466.5,298.8,29,6.0344827586206895,4.068965517241379,0.3277754576271186,0.136986301369863,0.3835616438356164,0.3424657534246575,0.0782608695652174,0.0,0.07627118644067797,0.288135593220339,0.3150684931506849,0.5,100.0,0.2990136910735123
678882,Ceddanne Rafaela,Red Sox,CF,86,92,65.4,4.585,4.87,5.52,29.0,419.0,299.9,29,5.517241379310345,4.379310344827586,0.2746783622047244,0.019417475728155338,0.2524271844660194,0.36893203883495146,0.023622047244094488,0.20689655172413793,0.031496062992125984,0.1732283464566929,0.18446601941747573,0.5,100.0,0.3074880947025747
691781,Brady House,Nationals,3B,43,95,30.3,4.579,4.65,,,200.0,138.7,29,4.672413793103448,3.9655172413793105,0.3253156869565217,0.10666666666666667,0.4533333333333333,0.29333333333333333,0.043478260869565216,0.034482758620689655,0.06956521739130435,0.2782608695652174,0.21333333333333335,0.5,100.0,0.3308215334773218
701358,Cam Smith,Astros,RF,92,96,63.2,4.575,3.87,3.83,29.0,356.0,289.1,29,3.8275862068965516,3.8275862068965516,0.34579068468468466,0.09411764705882353,0.4823529411764706,0.3176470588235294,0.044642857142857144,0.034482758620689655,0.06306306306306306,0.17117117117117117,0.21176470588235294,0.5,100.0,0.31794421920903954
666176,Jo Adell,Angels,RF,94,95,66.3,4.561,4.51,5.23,30.0,424.0,302.4,30,5.233333333333333,4.166666666666667,0.32097445599999996,0.08695652173913043,0.40217391304347827,0.3804347826086957,0.03278688524590164,0.0,0.032,0.192,0.25,0.5,100.0,0.3117045191380777
694203,Denzer Guzman,Angels,3B,25,95,17.6,4.495,4.52,4.52,25.0,113.0,79.1,25,4.52,4.28,0.3032314579439252,0.06756756756756757,0.35135135135135137,0.36486486486486486,0.02830188679245283,0.04,0.06542056074766354,0.2336448598130841,0.1891891891891892,0.5,100.0,0.3117045191380777
682657,Angel Martínez,Guardians,LF,62,95,43.7,4.492,4.63,4.93,7.0,287.0,196.3,28,4.892857142857143,3.9642857142857144,0.29535799999999995,0.07317073170731707,0.3902439024390244,0.35365853658536583,0.05504587155963303,0.14285714285714285,0.018018018018018018,0.23423423423423423,0.25609756097560976,0.5,100.0,0.3017113614388489
691720,Kyle Karros,Rockies,3B,89,96,61.2,4.492,4.17,6.05,29.0,371.0,274.9,29,6.051724137931035,3.7241379310344827,0.37288072222222224,0.11688311688311688,0.4935064935064935,0.4155844155844156,0.046296296296296294,0.034482758620689655,0.1111111111111111,0.1574074074074074,0.19480519480519481,0.5,100.0,0.3091372676880223
689414,Liam Hicks,Marlins,PH,83,95,58.5,4.486,5.28,5.75,22.0,438.0,262.4,22,5.75,4.5,0.2749201717171717,0.011904761904761904,0.25,0.2619047619047619,0.010416666666666666,0.0,0.0707070707070707,0.08080808080808081,0.19047619047619047,0.5,100.0,0.31265289355662784
670623,Isaac Paredes,Astros,3B,89,96,61.2,4.484,4.49,4.53,30.0,399.5,274.4,30,4.533333333333333,4.366666666666666,0.31176673282442746,0.0425531914893617,0.2978723404255319,0.39361702127659576,0.024390243902439025,0.0,0.0916030534351145,0.1450381679389313,0.2765957446808511,0.5,100.0,0.31794421920903954
702284,Cole Young,Mariners,2B,95,95,67.0,4.477,4.21,4.48,31.0,399.5,300.0,31,4.483870967741935,3.967741935483871,0.3352223739837399,0.04081632653061224,0.42857142857142855,0.32653061224489793,0.05785123966942149,0.0,0.04065040650406504,0.14634146341463414,0.24489795918367346,0.5,100.0,0.3201166018306636
663656,Kyle Tucker,Dodgers,RF,89,95,62.8,4.475,4.9,4.98,28.0,436.5,281.0,28,4.982142857142857,4.035714285714286,0.34780476991150444,0.057971014492753624,0.37681159420289856,0.34782608695652173,0.018018018018018018,0.07142857142857142,0.1415929203539823,0.23893805309734514,0.2463768115942029,0.5,100.0,0.34704850083287064
662139,Daulton Varsho,Blue Jays,CF,76,94,55.0,4.469,4.07,4.16,16.0,309.5,245.8,16,4.15625,4.0,0.25705646875,0.06521739130434782,0.391304347826087,0.32608695652173914,0.03125,0.1875,0.046875,0.234375,0.32608695652173914,0.5,100.0,0.2990136910735123
677942,Blaze Alexander,Orioles,3B,71,95,50.1,4.459,4.15,5.19,27.0,294.5,223.4,27,5.185185185185185,3.5185185185185186,0.4082725263157895,0.11594202898550725,0.5362318840579711,0.4782608695652174,0.031578947368421054,0.07407407407407407,0.06315789473684211,0.17894736842105263,0.2318840579710145,0.5,100.0,0.3248489634042553
677592,Everson Pereira,White Sox,CF,21,93,15.6,4.449,3.64,0.33,3.0,76.5,69.4,17,4.4411764705882355,4.0588235294117645,0.31796831884057974,0.11627906976744186,0.4186046511627907,0.4186046511627907,0.045454545454545456,0.058823529411764705,0.057971014492753624,0.2898550724637681,0.2558139534883721,1.0,98.0,0.31785474701011956
593871,Jorge Polanco,Mets,DH,17,95,12.0,4.442,2.88,3.17,3.0,49.0,53.3,13,3.0384615384615383,4.384615384615385,0.28432789473684206,0.046511627906976744,0.3488372093023256,0.4418604651162791,0.017543859649122806,0.0,0.08771929824561403,0.15789473684210525,0.27906976744186046,0.0,99.0,0.3137203168469861
624585,Jorge Soler,Angels,DH,72,95,50.8,4.44,4.44,4.04,14.0,319.5,225.6,14,4.035714285714286,4.142857142857143,0.29575458620689654,0.12121212121212122,0.42424242424242425,0.36363636363636365,0.03508771929824561,0.0,0.1206896551724138,0.3103448275862069,0.21212121212121213,0.5,100.0,0.3117045191380777
679529,Spencer Torkelson,Tigers,1B,92,93,68.3,4.431,4.14,4.78,30.0,380.5,302.6,30,4.783333333333333,4.0,0.3297610416666667,0.15625,0.453125,0.53125,0.059322033898305086,0.0,0.10833333333333334,0.3416666666666667,0.25,0.5,100.0,0.3226732304160689
664023,Ian Happ,Cubs,LF,89,94,64.4,4.424,5.01,3.81,29.0,445.5,284.9,29,3.810344827586207,4.241379310344827,0.2647364227642276,0.05555555555555555,0.375,0.3194444444444444,0.025,0.06896551724137931,0.08943089430894309,0.3089430894308943,0.3055555555555556,0.5,100.0,0.3248021525377229
669242,Tommy Edman,Dodgers,3B,18,95,12.7,4.422,5.28,5.28,18.0,95.0,56.2,18,5.277777777777778,3.8333333333333335,0.37402369565217386,0.06382978723404255,0.3829787234042553,0.3829787234042553,0.014705882352941176,0.1111111111111111,0.11594202898550725,0.18840579710144928,0.1702127659574468,0.5,100.0,0.34704850083287064
641355,Cody Bellinger,Yankees,LF,92,94,66.6,4.412,5.09,3.9,30.0,468.5,293.8,30,3.9,4.233333333333333,0.28578675590551184,0.03333333333333333,0.3111111111111111,0.36666666666666664,0.0234375,0.1,0.08661417322834646,0.2047244094488189,0.25555555555555554,0.5,100.0,0.3236690838392599
682663,Agustín Ramírez,Marlins,C,31,95,21.9,4.405,4.29,,,133.0,96.5,28,4.339285714285714,4.142857142857143,0.2703186724137931,0.05063291139240506,0.4177215189873418,0.27848101265822783,0.017543859649122806,0.07142857142857142,0.06896551724137931,0.23275862068965517,0.1518987341772152,0.5,100.0,0.3061611546310832
596115,Trevor Story,Red Sox,SS,41,92,31.2,4.398,3.95,,,162.0,137.2,29,4.258620689655173,4.172413793103448,0.25165814049586777,0.02702702702702703,0.4189189189189189,0.25675675675675674,0.016666666666666666,0.13793103448275862,0.06611570247933884,0.3140495867768595,0.20270270270270271,0.5,100.0,0.3094063381521056
682626,Francisco Alvarez,Mets,C,62,95,43.7,4.393,3.6,4.02,26.0,223.0,192.0,26,4.019230769230769,3.8461538461538463,0.31914021,0.14285714285714285,0.4444444444444444,0.31746031746031744,0.050505050505050504,0.0,0.05,0.31,0.15873015873015872,0.5,100.0,0.32512481248210706
673237,Yainer Diaz,Astros,C,41,96,28.2,4.386,4.4,5.0,16.0,180.5,123.7,16,5.0,3.875,0.3456517258064516,0.10416666666666667,0.3541666666666667,0.3333333333333333,0.06557377049180328,0.0,0.03225806451612903,0.1774193548387097,0.125,0.5,100.0,0.31794421920903954
686469,Vinnie Pasquantino,Royals,1B,68,95,48.0,4.382,4.26,5.36,7.0,290.0,210.3,30,4.466666666666667,4.166666666666667,0.318735952,0.031914893617021274,0.3617021276595745,0.425531914893617,0.0078125,0.06666666666666667,0.104,0.144,0.22340425531914893,0.5,100.0,0.3148134072959759
680869,Zack Gelof,Athletics,LF,63,94,45.6,4.378,4.99,5.98,20.0,314.5,199.6,21,5.785714285714286,4.0476190476190474,0.26889582352941177,0.03636363636363636,0.41818181818181815,0.34545454545454546,0.060240963855421686,0.09523809523809523,0.047058823529411764,0.27058823529411763,0.2909090909090909,0.5,100.0,0.3156479264081517
543760,Marcus Semien,Mets,2B,80,95,56.4,4.374,3.74,4.03,17.0,299.0,246.7,31,3.774193548387097,3.935483870967742,0.3410359016393443,0.0963855421686747,0.3855421686746988,0.43373493975903615,0.04918032786885246,0.03225806451612903,0.08196721311475409,0.23770491803278687,0.26506024096385544,0.5,100.0,0.3214367554347826
691016,Tyler Soderstrom,Athletics,LF,83,94,60.0,4.369,4.89,5.61,23.0,405.5,262.1,23,5.608695652173913,3.782608695652174,0.37321063218390804,0.06779661016949153,0.4576271186440678,0.3898305084745763,0.06818181818181818,0.0,0.14942528735632185,0.16091954022988506,0.1864406779661017,0.5,100.0,0.3156479264081517
606192,Teoscar Hernández,Dodgers,LF,61,95,43.0,4.366,4.8,3.4,10.0,293.0,187.7,10,3.4,4.0,0.2762788,0.04,0.44,0.2,0.02564102564102564,0.0,0.1,0.275,0.4,0.5,100.0,0.34704850083287064
650489,Willi Castro,Rockies,SS,80,96,55.0,4.366,4.46,4.89,28.0,357.0,240.1,28,4.892857142857143,4.178571428571429,0.31506985470085475,0.06756756756756757,0.3108108108108108,0.3918918918918919,0.03418803418803419,0.07142857142857142,0.07692307692307693,0.28205128205128205,0.28378378378378377,0.5,100.0,0.3091372676880223
663538,Nico Hoerner,Cubs,2B,92,94,66.6,4.362,4.4,3.26,29.0,404.5,290.5,29,3.2586206896551726,4.275862068965517,0.28487175000000003,0.0,0.2815533980582524,0.3300970873786408,0.0,0.06896551724137931,0.056451612903225805,0.10483870967741936,0.24271844660194175,0.5,100.0,0.3248021525377229
663616,Trevor Larnach,Twins,LF,78,95,55.0,4.36,4.35,5.04,26.0,339.0,239.8,26,5.038461538461538,3.769230769230769,0.3807615816326531,0.08974358974358974,0.4358974358974359,0.44871794871794873,0.030927835051546393,0.0,0.08163265306122448,0.12244897959183673,0.28205128205128205,0.5,100.0,0.3125409186763881
702332,Caleb Durbin,Red Sox,3B,83,92,63.2,4.347,4.16,5.67,29.0,345.0,274.7,29,5.672413793103448,3.8620689655172415,0.3100997589285714,0.045454545454545456,0.2727272727272727,0.3522727272727273,0.07272727272727272,0.1724137931034483,0.08035714285714286,0.125,0.22727272727272727,0.5,100.0,0.3074880947025747
691026,Masyn Winn,Cardinals,SS,84,92,63.9,4.327,4.26,4.74,29.0,357.5,276.5,29,4.741379310344827,4.0,0.2985974482758621,0.03296703296703297,0.4065934065934066,0.3626373626373626,0.017391304347826087,0.06896551724137931,0.06896551724137931,0.14655172413793102,0.17582417582417584,0.5,100.0,0.3259660396871379
806198,Cooper Pratt,Brewers,SS,22,93,16.3,4.322,3.98,3.98,22.0,87.5,70.4,22,3.977272727272727,3.590909090909091,0.38838970886075946,0.05660377358490566,0.3584905660377358,0.39622641509433965,0.0,0.2727272727272727,0.1518987341772152,0.16455696202531644,0.11320754716981132,0.5,100.0,0.3221294729538374
593428,Xander Bogaerts,Padres,SS,89,94,64.4,4.31,4.08,3.69,29.0,363.5,277.6,29,3.689655172413793,3.896551724137931,0.29871444247787615,0.0547945205479452,0.4520547945205479,0.2191780821917808,0.008928571428571428,0.06896551724137931,0.13274336283185842,0.20353982300884957,0.1095890410958904,0.5,100.0,0.308381512866016
805300,Jakob Marsee,Marlins,CF,91,95,64.2,4.304,4.04,3.79,29.0,367.5,276.3,29,3.793103448275862,4.068965517241379,0.31806944067796605,0.025,0.3125,0.3375,0.017241379310344827,0.13793103448275862,0.11864406779661017,0.2033898305084746,0.15,0.5,100.0,0.31265289355662784
694249,Cole Carrigg,Rockies,CF,28,96,19.2,4.299,6.2,6.2,28.0,173.5,82.5,28,6.196428571428571,4.0,0.32897131250000006,0.08,0.30666666666666664,0.37333333333333335,0.037037037037037035,0.07142857142857142,0.10714285714285714,0.22321428571428573,0.25333333333333335,0.5,100.0,0.3091372676880223
808982,Jung Hoo Lee,Giants,RF,87,94,62.9,4.297,4.75,5.0,31.0,413.5,270.3,31,5.0,3.903225806451613,0.28477811570247935,0.027522935779816515,0.25688073394495414,0.3302752293577982,0.025210084033613446,0.1935483870967742,0.03305785123966942,0.06611570247933884,0.24770642201834864,0.5,100.0,0.31067710785735
645277,Ozzie Albies,Braves,2B,94,93,69.7,4.296,5.07,4.98,30.0,477.0,299.4,30,4.983333333333333,4.3,0.2531474496124031,0.029411764705882353,0.27450980392156865,0.37254901960784315,0.03225806451612903,0.03333333333333333,0.03875968992248062,0.16279069767441862,0.29411764705882354,0.5,100.0,0.3216973392185239
677649,Ezequiel Duran,Rangers,SS,83,94,60.0,4.296,4.63,4.27,30.0,384.5,257.8,30,4.266666666666667,4.066666666666666,0.2961111393442623,0.05555555555555555,0.32222222222222224,0.36666666666666664,0.03333333333333333,0.06666666666666667,0.04918032786885246,0.20491803278688525,0.25555555555555554,0.5,100.0,0.31463714091827893
682848,Endy Rodríguez,Pirates,C,35,94,25.3,4.281,4.36,4.43,21.0,152.5,108.3,25,4.52,3.36,0.36752833333333335,0.14814814814814814,0.5185185185185185,0.37037037037037035,0.05952380952380952,0.04,0.11904761904761904,0.23809523809523808,0.2962962962962963,0.5,100.0,0.3247632004936917
605170,Victor Caratini,Twins,1B,69,95,48.7,4.269,3.72,4.8,23.0,256.5,207.9,23,4.804347826086956,3.739130434782609,0.33716865116279066,0.11666666666666667,0.4166666666666667,0.38333333333333336,0.047619047619047616,0.0,0.10465116279069768,0.1744186046511628,0.23333333333333334,0.5,100.0,0.3125409186763881
682622,Noelvi Marte,Reds,RF,38,93,28.2,4.259,3.54,4.66,25.0,134.5,120.1,25,4.66,3.72,0.31475513978494624,0.09375,0.328125,0.234375,0.0625,0.08,0.06451612903225806,0.24731182795698925,0.265625,0.5,100.0,0.3190471303317536
690993,Colt Keith,Tigers,3B,83,93,61.6,4.254,3.3,4.48,26.0,274.0,262.0,26,4.480769230769231,3.1923076923076925,0.37167245783132524,0.15625,0.453125,0.4375,0.09876543209876543,0.07692307692307693,0.04819277108433735,0.1566265060240964,0.328125,0.5,100.0,0.3226732304160689
572233,Christian Walker,Astros,1B,94,96,64.6,4.249,4.99,4.02,30.0,469.5,274.5,30,4.016666666666667,4.2,0.2690664523809524,0.04819277108433735,0.3614457831325301,0.3493975903614458,0.032520325203252036,0.0,0.07936507936507936,0.23809523809523808,0.21686746987951808,0.5,100.0,0.31794421920903954
656775,Cedric Mullins,Rays,CF,79,92,60.1,4.247,3.96,4.43,27.0,313.0,255.2,27,4.425925925925926,3.814814814814815,0.28686897087378643,0.07692307692307693,0.3076923076923077,0.26153846153846155,0.0594059405940594,0.14814814814814814,0.08737864077669903,0.27184466019417475,0.27692307692307694,0.5,100.0,0.3106380091418461
695734,Daylen Lile,Nationals,DH,93,95,65.6,4.247,4.76,4.15,30.0,442.5,278.6,30,4.15,3.8666666666666667,0.2958230689655173,0.06818181818181818,0.3068181818181818,0.4090909090909091,0.017857142857142856,0.13333333333333333,0.034482758620689655,0.1724137931034483,0.3409090909090909,0.5,100.0,0.3313062801784221
642715,Willy Adames,Giants,SS,90,94,65.1,4.242,4.48,3.59,27.0,403.0,276.2,27,3.5925925925925926,4.074074074074074,0.2666894727272727,0.09090909090909091,0.3787878787878788,0.3939393939393939,0.045454545454545456,0.037037037037037035,0.08181818181818182,0.3181818181818182,0.3181818181818182,0.5,100.0,0.31067710785735
691019,Kyle Teel,White Sox,C,15,93,11.1,4.236,4.23,4.23,15.0,63.5,47.0,15,4.233333333333333,3.8,0.3094308596491228,0.13793103448275862,0.5172413793103449,0.4482758620689655,0.03571428571428571,0.0,0.10526315789473684,0.3684210526315789,0.3103448275862069,0.5,100.0,0.32492551673944686
695731,Braden Montgomery,White Sox,RF,27,93,20.0,4.233,3.89,3.89,27.0,105.0,84.7,27,3.888888888888889,4.037037037037037,0.29808605504587155,0.039473684210526314,0.40789473684210525,0.2894736842105263,0.018518518518518517,0.0,0.09174311926605505,0.21100917431192662,0.13157894736842105,0.5,100.0,0.32492551673944686
678011,Anthony Seigler,Red Sox,2B,20,92,15.2,4.23,4.58,4.82,19.0,91.5,64.3,19,4.815789473684211,3.789473684210526,0.3431060416666667,0.058823529411764705,0.4117647058823529,0.47058823529411764,0.028169014084507043,0.10526315789473684,0.1111111111111111,0.18055555555555555,0.27450980392156865,0.5,100.0,0.3074880947025747
694384,Nolan Schanuel,Angels,1B,74,95,52.2,4.226,4.37,4.46,25.0,323.5,220.6,25,4.46,4.12,0.3481208640776699,0.0,0.33783783783783783,0.36486486486486486,0.02,0.0,0.11650485436893204,0.13592233009708737,0.17567567567567569,0.5,100.0,0.3117045191380777
641933,Tyler O'Neill,Orioles,RF,55,95,38.8,4.218,2.85,3.67,18.0,157.0,163.7,18,3.6666666666666665,3.0555555555555554,0.4109132363636363,0.23333333333333334,0.6333333333333333,0.5,0.07272727272727272,0.0,0.10909090909090909,0.34545454545454546,0.3,0.5,100.0,0.3248489634042553
683146,Brett Baty,Mets,3B,88,95,62.1,4.204,3.51,3.23,30.0,308.5,261.1,30,3.2333333333333334,3.6333333333333333,0.32636311926605505,0.11428571428571428,0.44285714285714284,0.4,0.009523809523809525,0.1,0.10091743119266056,0.23853211009174313,0.24285714285714285,0.5,100.0,0.32512481248210706
680776,Jarren Duran,Red Sox,LF,85,92,64.7,4.199,4.56,3.23,28.0,387.5,271.7,28,3.232142857142857,3.9642857142857144,0.28565921621621626,0.109375,0.328125,0.359375,0.027522935779816515,0.10714285714285714,0.08108108108108109,0.34234234234234234,0.25,0.5,100.0,0.3074880947025747
687221,Dalton Rushing,Dodgers,1B,58,95,40.9,4.197,4.4,4.35,26.0,255.0,171.7,26,4.346153846153846,3.6923076923076925,0.31409073958333333,0.13333333333333333,0.4666666666666667,0.4,0.031914893617021274,0.0,0.10416666666666667,0.2604166666666667,0.18333333333333332,0.5,100.0,0.34704850083287064
502671,Paul Goldschmidt,Yankees,1B,65,94,47.0,4.186,4.96,4.62,28.0,322.5,196.7,28,4.625,4.035714285714286,0.2344172743362832,0.1038961038961039,0.3116883116883117,0.2857142857142857,0.0625,0.0,0.035398230088495575,0.2831858407079646,0.2857142857142857,0.5,100.0,0.3236690838392599
663457,Lars Nootbaar,Cardinals,LF,30,92,22.8,4.167,3.88,3.72,29.0,116.5,95.0,29,3.7241379310344827,3.6551724137931036,0.345976,0.08571428571428572,0.5142857142857142,0.37142857142857144,0.018691588785046728,0.0,0.11320754716981132,0.22641509433962265,0.17142857142857143,0.5,100.0,0.3259660396871379
592663,J.T. Realmuto,Phillies,C,64,95,45.1,4.15,3.67,4.65,24.0,235.0,187.2,25,4.6,3.92,0.29756165306122445,0.06557377049180328,0.3442622950819672,0.3770491803278688,0.041237113402061855,0.08,0.10204081632653061,0.25510204081632654,0.21311475409836064,0.5,100.0,0.3179612054951345
666139,Josh Lowe,Angels,LF,55,95,38.8,4.146,3.16,4.5,14.0,174.0,160.9,14,4.5,3.357142857142857,0.33380029787234045,0.09090909090909091,0.42424242424242425,0.2727272727272727,0.0425531914893617,0.14285714285714285,0.06382978723404255,0.23404255319148937,0.3939393939393939,0.5,100.0,0.3117045191380777
802415,Chandler Simpson,Rays,LF,84,92,63.9,4.146,4.21,4.18,25.0,353.5,264.9,25,4.18,3.76,0.29568327659574467,0.0,0.15476190476190477,0.2261904761904762,0.0,0.32,0.06382978723404255,0.06382978723404255,0.14285714285714285,0.5,100.0,0.3106380091418461
681297,Colton Cowser,Orioles,CF,78,95,55.0,4.145,3.12,3.22,27.0,243.0,228.0,27,3.2222222222222223,3.2962962962962963,0.3489967528089888,0.12244897959183673,0.4897959183673469,0.2857142857142857,0.045454545454545456,0.1111111111111111,0.11235955056179775,0.3258426966292135,0.3469387755102041,0.5,100.0,0.3248489634042553
693304,Nick Gonzales,Pirates,3B,88,94,63.7,4.144,4.78,4.68,30.0,421.0,264.0,31,4.709677419354839,4.129032258064516,0.3019878828125,0.011363636363636364,0.3068181818181818,0.3522727272727273,0.015748031496062992,0.03225806451612903,0.09375,0.1953125,0.22727272727272727,0.5,100.0,0.3247632004936917
669364,Xavier Edwards,Marlins,2B,94,95,66.3,4.142,5.04,4.55,30.0,474.0,274.6,30,4.55,4.2,0.2851946984126984,0.010309278350515464,0.20618556701030927,0.36082474226804123,0.0,0.1,0.1111111111111111,0.11904761904761904,0.23711340206185566,0.5,100.0,0.31265289355662784
686555,Isaac Collins,Royals,LF,82,95,57.8,4.121,3.8,4.26,29.0,311.5,238.2,29,4.258620689655173,3.5172413793103448,0.35509392156862746,0.039473684210526314,0.4342105263157895,0.3026315789473684,0.02,0.06896551724137931,0.10784313725490197,0.12745098039215685,0.3026315789473684,0.5,100.0,0.31933881526674235
663728,Cal Raleigh,Mariners,C,63,95,44.4,4.114,3.82,3.7,22.0,240.5,182.7,22,3.7045454545454546,4.090909090909091,0.2701948,0.08888888888888889,0.37777777777777777,0.37777777777777777,0.02247191011235955,0.0,0.15555555555555556,0.34444444444444444,0.3111111111111111,0.5,100.0,0.3201166018306636
663886,Tyler Stephenson,Reds,C,69,93,51.2,4.113,3.43,4.42,20.0,237.0,210.6,20,4.425,3.6,0.36439205555555554,0.08,0.52,0.46,0.02702702702702703,0.0,0.08333333333333333,0.2222222222222222,0.24,0.5,100.0,0.3190471303317536
680977,Brendan Donovan,Mariners,3B,25,95,17.6,4.112,4.14,,,103.5,72.4,14,3.142857142857143,3.857142857142857,0.3719115,0.02564102564102564,0.358974358974359,0.4358974358974359,0.0,0.0,0.1111111111111111,0.1111111111111111,0.28205128205128205,0.5,100.0,0.3286260759930915
514888,Jose Altuve,Astros,2B,72,96,49.5,4.108,4.51,4.66,29.0,324.5,203.3,29,4.655172413793103,4.137931034482759,0.24899483333333333,0.06329113924050633,0.26582278481012656,0.34177215189873417,0.05,0.034482758620689655,0.08333333333333333,0.25833333333333336,0.24050632911392406,0.5,100.0,0.31794421920903954
663853,Romy Gonzalez,Red Sox,1B,9,92,6.8,4.097,4.67,4.67,9.0,42.0,27.9,9,4.666666666666667,4.111111111111111,0.30006505405405404,0.047619047619047616,0.38095238095238093,0.3333333333333333,0.027777777777777776,0.0,0.05405405405405406,0.35135135135135137,0.14285714285714285,0.5,100.0,0.3074880947025747
680574,Matt McLain,Reds,2B,79,93,58.6,4.093,3.73,3.2,23.0,295.0,239.8,24,3.2083333333333335,3.2916666666666665,0.3466925443037975,0.175,0.475,0.475,0.0379746835443038,0.16666666666666666,0.12658227848101267,0.3670886075949367,0.325,0.5,100.0,0.32003167060248255
663586,Austin Riley,Braves,3B,94,93,69.7,4.092,3.91,3.17,30.0,367.5,285.2,30,3.1666666666666665,3.966666666666667,0.2409163193277311,0.10294117647058823,0.36764705882352944,0.3235294117647059,0.008547008547008548,0.06666666666666667,0.08403361344537816,0.3277310924369748,0.25,0.5,100.0,0.3216973392185239
668723,Ryan Vilade,Rays,RF,49,92,37.3,4.09,3.88,3.7,15.0,190.0,152.6,16,3.96875,3.625,0.2982749137931034,0.075,0.425,0.325,0.05263157894736842,0.0625,0.05172413793103448,0.2413793103448276,0.3,0.5,100.0,0.3106380091418461
681198,TJ Rumfield,Rockies,1B,91,96,62.6,4.079,4.96,5.77,32.0,451.0,255.3,32,5.765625,4.15625,0.3206736917293233,0.02040816326530612,0.16326530612244897,0.3673469387755102,0.03787878787878788,0.0,0.12030075187969924,0.12030075187969924,0.35714285714285715,0.5,100.0,0.3091372676880223
641487,J.P. Crawford,Mariners,SS,77,95,54.3,4.078,3.99,2.55,22.0,307.5,221.4,22,2.5454545454545454,4.2272727272727275,0.2650793548387097,0.01694915254237288,0.3728813559322034,0.3389830508474576,0.0,0.0,0.10752688172043011,0.25806451612903225,0.13559322033898305,0.5,100.0,0.3201166018306636
683357,Owen Caissie,Marlins,RF,79,95,55.7,4.075,4.09,5.17,24.0,323.0,227.0,26,4.8076923076923075,3.076923076923077,0.36367526250000004,0.24444444444444444,0.5333333333333333,0.4666666666666667,0.09210526315789473,0.038461538461538464,0.0625,0.3625,0.24444444444444444,0.5,100.0,0.3120560249058789
691458,Blaze Jordan,Cardinals,3B,22,92,16.7,4.073,3.82,3.82,22.0,84.0,68.0,22,3.8181818181818183,3.6363636363636362,0.295107675,0.07462686567164178,0.43283582089552236,0.29850746268656714,0.013157894736842105,0.0,0.0375,0.125,0.23880597014925373,0.5,100.0,0.3259660396871379
679845,Nick Loftin,Royals,DH,57,95,40.2,4.073,4.12,4.77,26.0,235.0,163.7,26,4.769230769230769,3.8076923076923075,0.3389141818181818,0.05405405405405406,0.2972972972972973,0.40540540540540543,0.030927835051546393,0.038461538461538464,0.09090909090909091,0.1414141414141414,0.2972972972972973,0.5,100.0,0.31933881526674235
672580,Maikel Garcia,Royals,SS,69,95,48.7,4.065,4.52,4.64,11.0,312.0,198.0,23,3.9130434782608696,3.9130434782608696,0.2769965555555556,0.043478260869565216,0.37681159420289856,0.34782608695652173,0.0,0.043478260869565216,0.05555555555555555,0.17777777777777778,0.2318840579710145,0.5,100.0,0.3203068755480607
571970,Max Muncy,Dodgers,3B,86,95,60.7,4.062,4.9,5.03,29.0,421.0,246.6,31,4.774193548387097,3.6774193548387095,0.3182378771929824,0.07692307692307693,0.38461538461538464,0.3974358974358974,0.02654867256637168,0.03225806451612903,0.10526315789473684,0.19298245614035087,0.28205128205128205,0.5,100.0,0.34704850083287064
571448,Nolan Arenado,D-backs,3B,88,94,63.7,4.061,4.18,3.58,30.0,368.0,258.7,30,3.5833333333333335,4.033333333333333,0.23384440495867767,0.05,0.3375,0.3125,0.025210084033613446,0.06666666666666667,0.0743801652892562,0.256198347107438,0.2625,0.5,100.0,0.30977675153823614
694374,Tim Tawa,D-backs,1B,32,94,23.1,4.038,2.67,4.58,6.0,85.5,93.3,6,4.583333333333333,3.0,0.36244866666666664,0.14285714285714285,0.2857142857142857,0.2857142857142857,0.05555555555555555,0.3333333333333333,0.1111111111111111,0.2222222222222222,0.21428571428571427,0.5,100.0,0.30977675153823614
692216,CJ Kayfus,Guardians,RF,8,95,5.6,4.037,3.0,,,24.0,22.6,8,3.0,3.125,0.30441628000000004,0.21428571428571427,0.5,0.21428571428571427,0.041666666666666664,0.0,0.08,0.32,0.5,0.5,100.0,0.3204272009456265
677587,Brayan Rocchio,Guardians,SS,92,95,64.9,4.036,4.4,4.38,30.0,405.0,261.9,30,4.383333333333334,3.8666666666666667,0.2983198017241379,0.02247191011235955,0.30337078651685395,0.4044943820224719,0.02608695652173913,0.13333333333333333,0.0603448275862069,0.1724137931034483,0.25842696629213485,0.5,100.0,0.3017113614388489
640902,Jhonny Pereda,Mariners,C,19,95,13.4,4.033,3.37,2.5,6.0,64.0,54.0,17,3.4411764705882355,3.7058823529411766,0.34051560317460317,0.041666666666666664,0.4583333333333333,0.4375,0.03225806451612903,0.0,0.06349206349206349,0.15873015873015872,0.125,0.5,100.0,0.3201166018306636
683748,Victor Mesa Jr.,Rays,RF,29,92,22.1,4.005,4.02,4.6,20.0,116.5,88.5,20,4.6,3.4,0.3159094411764706,0.08888888888888889,0.4,0.35555555555555557,0.05970149253731343,0.15,0.1323529411764706,0.20588235294117646,0.2,0.5,100.0,0.3106380091418461
694410,LuJames Groover,D-backs,DH,15,94,10.9,3.998,2.67,2.86,14.0,40.0,43.6,15,2.6666666666666665,3.533333333333333,0.2861324716981132,0.1111111111111111,0.4722222222222222,0.25,0.018867924528301886,0.0,0.09433962264150944,0.20754716981132076,0.19444444444444445,0.5,100.0,0.31121763573883165
660688,Keibert Ruiz,Nationals,C,60,95,42.3,3.997,4.54,4.41,22.0,272.5,169.1,22,4.409090909090909,3.727272727272727,0.2897985731707317,0.043478260869565216,0.3188405797101449,0.3333333333333333,0.025,0.045454545454545456,0.04878048780487805,0.0975609756097561,0.2318840579710145,0.5,100.0,0.3313062801784221
671289,Tyler Freeman,Rockies,RF,63,96,43.3,3.988,3.82,3.2,22.0,240.5,172.7,22,3.2045454545454546,3.8181818181818183,0.28963809523809525,0.015625,0.359375,0.265625,0.0,0.045454545454545456,0.03571428571428571,0.15476190476190477,0.25,0.5,100.0,0.3091372676880223
669707,Jared Triolo,Pirates,SS,56,94,40.5,3.987,3.27,3.87,27.0,183.0,161.5,28,3.892857142857143,3.6785714285714284,0.2903058640776699,0.02857142857142857,0.4,0.37142857142857144,0.01,0.14285714285714285,0.08737864077669903,0.20388349514563106,0.21428571428571427,0.5,100.0,0.3247632004936917
691788,Joe Mack,Marlins,C,50,95,35.3,3.987,3.81,4.46,25.0,190.5,140.7,25,4.46,3.28,0.3558548414634146,0.11666666666666667,0.4,0.25,0.07407407407407407,0.0,0.08536585365853659,0.18292682926829268,0.25,0.5,100.0,0.31265289355662784
668715,Spencer Steer,Reds,RF,88,93,65.3,3.979,4.5,3.89,28.0,396.0,259.8,28,3.892857142857143,3.607142857142857,0.2952281386138614,0.10526315789473684,0.43859649122807015,0.2982456140350877,0.04716981132075472,0.0,0.09900990099009901,0.3069306930693069,0.2631578947368421,0.5,100.0,0.3190471303317536
669392,Samad Taylor,Padres,LF,26,94,18.8,3.973,5.04,5.24,25.0,131.0,74.7,26,5.038461538461538,3.8461538461538463,0.32623455999999995,0.03333333333333333,0.25,0.38333333333333336,0.01,0.23076923076923078,0.12,0.3,0.1,0.5,100.0,0.30896662930513596
670231,John Rave,Royals,RF,8,95,5.6,3.972,3.06,3.06,8.0,24.5,22.2,8,3.0625,2.5,0.4196307,0.3,0.7,0.4,0.047619047619047616,0.0,0.15,0.35,0.4,0.5,100.0,0.3193588795518207
670764,Taylor Walls,Rays,SS,70,92,53.3,3.961,3.75,3.95,28.0,262.5,211.1,28,3.9464285714285716,3.6785714285714284,0.28325035922330094,0.046875,0.3125,0.390625,0.0,0.25,0.11650485436893204,0.2621359223300971,0.328125,0.5,100.0,0.3106380091418461
664056,Harrison Bader,Giants,CF,30,94,21.7,3.95,3.43,,,103.0,85.7,15,4.866666666666666,3.7333333333333334,0.2833406428571429,0.08108108108108109,0.43243243243243246,0.3783783783783784,0.07142857142857142,0.0,0.03571428571428571,0.30357142857142855,0.21621621621621623,0.5,100.0,0.29710233493512733
694212,Samuel Basallo,Orioles,DH,81,95,57.1,3.94,4.33,3.83,29.0,350.5,225.0,29,3.8275862068965516,3.4482758620689653,0.29903228000000004,0.13432835820895522,0.40298507462686567,0.31343283582089554,0.0594059405940594,0.0,0.06,0.27,0.29850746268656714,0.5,100.0,0.3248489634042553
663647,Ke'Bryan Hayes,Reds,3B,38,93,28.2,3.933,2.08,0.0,1.0,79.0,110.9,24,2.8541666666666665,3.375,0.32358876543209875,0.11864406779661017,0.4067796610169492,0.4576271186440678,0.024096385542168676,0.041666666666666664,0.06172839506172839,0.20987654320987653,0.2033898305084746,0.0,103.0,0.3342894043035108
624641,Edmundo Sosa,Phillies,SS,51,95,36.0,3.918,3.36,3.76,17.0,171.5,141.0,18,3.6666666666666665,3.388888888888889,0.34044590163934424,0.06382978723404255,0.425531914893617,0.3617021276595745,0.03571428571428571,0.05555555555555555,0.01639344262295082,0.16393442622950818,0.2127659574468085,0.5,100.0,0.31807490667437155
683083,Nasim Nuñez,Nationals,2B,81,95,57.1,3.916,4.29,5.54,26.0,347.5,223.6,26,5.538461538461538,3.5384615384615383,0.2733736956521739,0.017857142857142856,0.23214285714285715,0.3392857142857143,0.010752688172043012,0.4230769230769231,0.10869565217391304,0.29347826086956524,0.19642857142857142,0.5,100.0,0.3313062801784221
694371,Tommy Troy,D-backs,LF,36,94,26.0,3.911,3.74,3.64,25.0,134.5,101.7,26,3.6538461538461537,3.6923076923076925,0.30601358333333334,0.1076923076923077,0.3230769230769231,0.36923076923076925,0.03125,0.038461538461538464,0.08333333333333333,0.23958333333333334,0.16923076923076924,0.5,100.0,0.30977675153823614
642851,Austin Wynns,Braves,C,16,93,11.9,3.909,0.97,0.5,4.0,15.5,46.5,10,1.35,3.6,0.3255726111111111,0.07407407407407407,0.2962962962962963,0.3333333333333333,0.0,0.0,0.08333333333333333,0.19444444444444445,0.3333333333333333,0.0,103.0,0.32831516421378776
668939,Adley Rutschman,Orioles,C,64,95,45.1,3.902,5.18,3.72,18.0,331.5,176.0,18,3.7222222222222223,4.111111111111111,0.2585238648648649,0.0,0.3090909090909091,0.4,0.0,0.0,0.0945945945945946,0.16216216216216217,0.2727272727272727,0.5,100.0,0.3248489634042553
657136,Connor Wong,Red Sox,C,38,92,28.9,3.902,3.79,4.04,14.0,144.0,112.8,14,4.035714285714286,3.357142857142857,0.37685034042553184,0.07142857142857142,0.35714285714285715,0.2857142857142857,0.022727272727272728,0.14285714285714285,0.1702127659574468,0.2127659574468085,0.10714285714285714,0.5,100.0,0.3074880947025747
676609,José Caballero,Yankees,3B,80,94,57.9,3.899,4.43,4.95,28.0,354.5,225.8,28,4.946428571428571,3.7142857142857144,0.2540822980769231,0.06153846153846154,0.2,0.3384615384615385,0.04854368932038835,0.25,0.057692307692307696,0.3269230769230769,0.27692307692307694,0.5,100.0,0.3236690838392599
676356,Jonny DeLuca,Rays,CF,50,92,38.0,3.873,4.4,4.5,13.0,220.0,147.2,13,4.5,3.5384615384615383,0.31104678260869567,0.058823529411764705,0.2647058823529412,0.4117647058823529,0.06521739130434782,0.15384615384615385,0.08695652173913043,0.1956521739130435,0.29411764705882354,0.5,100.0,0.3106380091418461
686681,Michael Massey,Royals,2B,72,95,50.8,3.871,3.86,4.0,27.0,278.0,196.6,27,4.0,3.5925925925925926,0.34074063917525776,0.04,0.38666666666666666,0.41333333333333333,0.010309278350515464,0.037037037037037035,0.09278350515463918,0.14432989690721648,0.24,0.5,100.0,0.31933881526674235
670242,Matt Wallner,Twins,RF,34,95,24.0,3.864,3.12,,,106.0,92.7,22,2.25,3.772727272727273,0.2917520602409639,0.09302325581395349,0.3488372093023256,0.20930232558139536,0.01282051282051282,0.0,0.08433734939759036,0.3373493975903614,0.06976744186046512,0.5,100.0,0.3155948622790981
553993,Eugenio Suárez,Reds,DH,65,93,48.2,3.862,3.84,3.93,28.0,249.5,186.1,28,3.9285714285714284,4.0,0.21766933928571428,0.07272727272727272,0.36363636363636365,0.32727272727272727,0.04504504504504504,0.0,0.07142857142857142,0.41964285714285715,0.32727272727272727,0.5,100.0,0.3190471303317536
666971,Lourdes Gurriel Jr.,D-backs,LF,45,94,32.6,3.86,3.47,3.22,20.0,156.0,125.8,20,3.225,3.95,0.26268022784810124,0.016129032258064516,0.3225806451612903,0.3064516129032258,0.012987012987012988,0.0,0.02531645569620253,0.16455696202531644,0.12903225806451613,0.5,100.0,0.30977675153823614
663698,Joey Bart,Braves,PH,29,93,21.5,3.859,3.28,3.25,10.0,95.0,83.0,10,3.25,3.0,0.3827177,0.13636363636363635,0.36363636363636365,0.2727272727272727,0.07407407407407407,0.0,0.03333333333333333,0.13333333333333333,0.3181818181818182,0.5,100.0,0.3216973392185239
805779,Jacob Wilson,Athletics,SS,54,94,39.1,3.854,4.54,4.0,15.0,245.0,150.7,15,4.0,4.0,0.29792046666666666,0.0,0.23404255319148937,0.3404255319148936,0.01639344262295082,0.0,0.1,0.11666666666666667,0.19148936170212766,0.5,100.0,0.3156479264081517
643217,Andrew Benintendi,White Sox,DH,82,93,60.8,3.853,4.2,4.48,26.0,344.0,234.3,26,4.480769230769231,3.1538461538461537,0.35318570731707316,0.07936507936507936,0.49206349206349204,0.2857142857142857,0.04819277108433735,0.0,0.07317073170731707,0.15853658536585366,0.23809523809523808,0.5,100.0,0.32492551673944686
807712,Luke Keaschall,Twins,CF,88,95,62.1,3.848,4.12,4.09,29.0,362.5,239.0,29,4.086206896551724,3.6206896551724137,0.3289331428571428,0.04225352112676056,0.29577464788732394,0.38028169014084506,0.030612244897959183,0.06896551724137931,0.12380952380952381,0.14285714285714285,0.2676056338028169,0.5,100.0,0.3125409186763881
657757,Gavin Sheets,Padres,LF,87,94,62.9,3.844,4.03,3.66,31.0,350.5,241.8,31,3.661290322580645,3.6129032258064515,0.32167482142857146,0.05263157894736842,0.35526315789473684,0.3026315789473684,0.03636363636363636,0.03225806451612903,0.09821428571428571,0.20535714285714285,0.13157894736842105,0.5,100.0,0.308381512866016
665052,Griffin Conine,Marlins,PH,26,95,18.3,3.844,4.1,3.88,17.0,106.5,70.3,17,3.8823529411764706,3.5294117647058822,0.3192939166666667,0.06451612903225806,0.5161290322580645,0.25806451612903225,0.03389830508474576,0.0,0.13333333333333333,0.3333333333333333,0.06451612903225806,0.5,100.0,0.31265289355662784
643376,Danny Jansen,Rangers,C,40,94,28.9,3.844,2.86,,,114.5,111.1,20,2.925,3.55,0.2745581408450704,0.06976744186046512,0.3488372093023256,0.18604651162790697,0.029850746268656716,0.05,0.11267605633802817,0.23943661971830985,0.27906976744186046,0.5,100.0,0.31652494966292133
805347,Jim Jarvis,Braves,SS,8,93,5.9,3.835,3.56,4.42,6.0,28.5,22.6,6,4.416666666666667,3.6666666666666665,0.2930244545454545,0.05555555555555555,0.2777777777777778,0.2777777777777778,0.045454545454545456,0.0,0.045454545454545456,0.13636363636363635,0.16666666666666666,0.5,100.0,0.3216973392185239
700932,Kyle Manzardo,Guardians,1B,85,95,59.9,3.834,3.38,3.02,29.0,287.5,229.7,29,3.0172413793103448,3.7241379310344827,0.27868391666666664,0.07936507936507936,0.3492063492063492,0.2857142857142857,0.02830188679245283,0.0,0.12962962962962962,0.2777777777777778,0.36507936507936506,0.5,100.0,0.3017113614388489
542303,Marcell Ozuna,Pirates,DH,58,94,42.0,3.832,3.72,3.64,11.0,215.5,160.9,12,3.8333333333333335,3.8333333333333335,0.31531934782608695,0.08695652173913043,0.34782608695652173,0.4782608695652174,0.0425531914893617,0.0,0.10869565217391304,0.391304347826087,0.30434782608695654,0.5,100.0,0.3247632004936917
696285,Jacob Young,Nationals,CF,78,95,55.0,3.823,3.91,3.23,22.0,305.0,210.3,22,3.227272727272727,3.4545454545454546,0.25831778947368417,0.05454545454545454,0.32727272727272727,0.3090909090909091,0.0,0.22727272727272727,0.05263157894736842,0.2236842105263158,0.2545454545454545,0.5,100.0,0.3313062801784221
621438,Tyrone Taylor,Mets,CF,45,95,31.7,3.821,2.83,5.29,7.0,127.5,121.1,7,5.285714285714286,2.857142857142857,0.4037769,0.1875,0.3125,0.4375,0.15,0.0,0.05,0.15,0.3125,0.5,100.0,0.32512481248210706
691594,Javier Sanoja,Marlins,3B,69,95,48.7,3.82,3.96,4.87,26.0,273.5,186.0,26,4.865384615384615,3.6153846153846154,0.2972462978723404,0.011764705882352941,0.3058823529411765,0.3176470588235294,0.021505376344086023,0.07692307692307693,0.0425531914893617,0.05319148936170213,0.12941176470588237,0.5,100.0,0.31265289355662784
681481,Kerry Carpenter,Tigers,RF,70,93,51.9,3.807,3.64,3.52,30.0,254.5,197.6,30,3.5166666666666666,3.1333333333333333,0.3404548829787234,0.12280701754385964,0.5087719298245614,0.40350877192982454,0.05555555555555555,0.0,0.07446808510638298,0.26595744680851063,0.43859649122807015,0.5,100.0,0.3226732304160689
641680,Jonah Heim,Athletics,C,49,94,35.4,3.805,4.31,4.8,25.0,211.0,134.7,25,4.8,3.52,0.3024268068181818,0.08064516129032258,0.3387096774193548,0.3387096774193548,0.06976744186046512,0.0,0.06818181818181818,0.2159090909090909,0.2903225806451613,0.5,100.0,0.3156479264081517
596103,Austin Slater,Rays,PH,28,92,21.3,3.791,2.29,4.0,7.0,64.0,80.7,8,3.8125,3.375,0.28578340740740743,0.0,0.25,0.125,0.0,0.375,0.14814814814814814,0.25925925925925924,0.125,0.5,100.0,0.3106380091418461
664034,Ty France,Padres,1B,62,94,44.9,3.791,4.06,3.74,25.0,251.5,170.2,25,3.74,3.76,0.26394123404255315,0.06666666666666667,0.38333333333333336,0.4166666666666667,0.044444444444444446,0.0,0.0425531914893617,0.2765957446808511,0.2833333333333333,0.5,100.0,0.308381512866016
650859,Luis Rengifo,Padres,2B,57,94,41.2,3.79,3.07,3.42,6.0,175.0,156.1,6,3.4166666666666665,3.5,0.3078387619047619,0.07692307692307693,0.46153846153846156,0.3076923076923077,0.0,0.0,0.14285714285714285,0.23809523809523808,0.3076923076923077,0.5,100.0,0.308381512866016
691777,Max Muncy,Athletics,3B,46,94,33.3,3.79,4.17,4.32,20.0,192.0,126.2,20,4.325,3.55,0.2849338591549296,0.09523809523809523,0.38095238095238093,0.3333333333333333,0.04285714285714286,0.05,0.11267605633802817,0.29577464788732394,0.19047619047619047,0.5,100.0,0.3170337515886771
676439,Hunter Feduccia,Rays,C,49,92,37.3,3.788,2.46,2.91,16.0,120.5,141.3,16,2.90625,3.1875,0.334630431372549,0.14285714285714285,0.4857142857142857,0.34285714285714286,0.0196078431372549,0.0,0.0784313725490196,0.23529411764705882,0.2857142857142857,0.5,100.0,0.3106380091418461
682674,Victor Bericoto,Giants,LF,21,94,15.2,3.785,3.83,4.86,14.0,80.5,57.5,15,4.533333333333333,3.1333333333333333,0.30669229787234037,0.14285714285714285,0.42857142857142855,0.34285714285714286,0.06382978723404255,0.06666666666666667,0.02127659574468085,0.23404255319148937,0.22857142857142856,0.5,100.0,0.31067710785735
608348,Carson Kelly,Cubs,C,66,94,47.7,3.78,4.23,4.93,21.0,279.5,180.3,21,4.928571428571429,3.5714285714285716,0.3285527466666667,0.057692307692307696,0.28846153846153844,0.3076923076923077,0.04,0.0,0.16,0.14666666666666667,0.23076923076923078,0.5,100.0,0.3248021525377229
805367,Chase Meidroth,White Sox,2B,91,93,67.5,3.78,4.41,4.02,30.0,401.0,255.2,30,4.016666666666667,4.066666666666666,0.281562131147541,0.01282051282051282,0.28205128205128205,0.3974358974358974,0.01652892561983471,0.0,0.09016393442622951,0.26229508196721313,0.1282051282051282,0.5,100.0,0.32492551673944686
666160,Mickey Moniak,Rockies,DH,60,96,41.2,3.774,5.17,4.56,17.0,310.0,155.5,17,4.5588235294117645,3.235294117647059,0.2882293454545454,0.10526315789473684,0.5,0.2631578947368421,0.05555555555555555,0.0,0.05454545454545454,0.2545454545454545,0.2894736842105263,0.5,100.0,0.3091372676880223
573262,Mike Yastrzemski,Braves,RF,84,93,62.3,3.773,3.26,3.28,27.0,273.5,235.1,27,3.2777777777777777,3.259259259259259,0.3137315909090909,0.1111111111111111,0.5370370370370371,0.37037037037037035,0.034482758620689655,0.0,0.11363636363636363,0.2727272727272727,0.25925925925925924,0.5,100.0,0.3216973392185239
696135,Kahlil Watson,Guardians,CF,21,95,14.8,3.76,3.57,3.57,21.0,75.0,55.6,21,3.5714285714285716,3.380952380952381,0.24048752112676056,0.09523809523809523,0.30952380952380953,0.3333333333333333,0.014084507042253521,0.3333333333333333,0.04225352112676056,0.36619718309859156,0.2619047619047619,0.5,100.0,0.3017113614388489
660821,Jesús Sánchez,Blue Jays,LF,73,94,52.8,3.748,3.51,2.73,13.0,256.0,197.9,24,3.2083333333333335,3.0833333333333335,0.33893616216216216,0.19148936170212766,0.5106382978723404,0.3404255319148936,0.0273972602739726,0.0,0.04054054054054054,0.2972972972972973,0.1276595744680851,0.5,100.0,0.30247733772218566
677950,Alek Thomas,D-backs,CF,28,94,20.3,3.742,3.5,,,98.0,76.0,22,3.3181818181818183,3.3636363636363638,0.2929424054054054,0.09090909090909091,0.4,0.36363636363636365,0.0273972602739726,0.09090909090909091,0.02702702702702703,0.21621621621621623,0.18181818181818182,0.5,100.0,0.30718028396009206
691723,Coby Mayo,Orioles,3B,69,95,48.7,3.739,3.7,3.07,21.0,255.0,182.1,22,3.477272727272727,3.3636363636363638,0.26477782432432434,0.1,0.5,0.225,0.0547945205479452,0.0,0.08108108108108109,0.36486486486486486,0.2,0.5,100.0,0.3248489634042553
602104,Ramón Urías,Cardinals,3B,20,92,15.2,3.738,2.75,,,55.0,56.8,18,2.888888888888889,3.3333333333333335,0.3105981666666667,0.09302325581395349,0.37209302325581395,0.3023255813953488,0.03508771929824561,0.0,0.1,0.15,0.20930232558139536,0.5,100.0,0.3312458391070054
811965,Joshua Kuroda-Grauer,Athletics,3B,10,94,7.2,3.732,4.3,4.3,10.0,43.0,26.9,10,4.3,3.8,0.28650871052631577,0.0,0.3125,0.3125,0.0,0.0,0.0,0.13157894736842105,0.15625,0.5,100.0,0.3156479264081517
596142,Gary Sánchez,Brewers,C,52,93,38.6,3.73,4.02,4.9,15.0,209.0,144.0,18,4.416666666666667,2.9444444444444446,0.4384222641509433,0.08108108108108109,0.4864864864864865,0.43243243243243246,0.057692307692307696,0.0,0.18867924528301888,0.11320754716981132,0.21621621621621623,0.5,100.0,0.32311358495423337
516782,Starling Marte,Royals,DH,41,95,28.9,3.73,2.76,4.0,16.0,113.0,107.8,17,3.764705882352941,3.3529411764705883,0.31578040350877196,0.10810810810810811,0.40540540540540543,0.32432432432432434,0.01818181818181818,0.058823529411764705,0.07017543859649122,0.2631578947368421,0.10810810810810811,0.5,100.0,0.31933881526674235
669720,Austin Hays,White Sox,RF,12,93,8.9,3.724,3.62,,,43.5,33.1,11,3.772727272727273,3.5454545454545454,0.2916410256410257,0.03571428571428571,0.4642857142857143,0.32142857142857145,0.025,0.0,0.0,0.28205128205128205,0.17857142857142858,0.5,100.0,0.32265082904564313
657656,Ramón Laureano,Padres,RF,53,94,38.3,3.714,4.07,,,215.5,142.2,29,2.689655172413793,3.4827586206896552,0.2758295742574257,0.1346153846153846,0.3269230769230769,0.40384615384615385,0.03,0.13793103448275862,0.1188118811881188,0.3564356435643564,0.21153846153846154,0.5,100.0,0.3143670726392252
671976,Tristan Peters,White Sox,CF,84,93,62.3,3.71,4.25,5.95,29.0,357.0,231.1,29,5.431034482758621,3.2758620689655173,0.34477430526315794,0.06944444444444445,0.3888888888888889,0.3888888888888889,0.0425531914893617,0.034482758620689655,0.06315789473684211,0.16842105263157894,0.2361111111111111,0.5,100.0,0.32492551673944686
665804,Miguel Amaya,Cubs,C,46,94,33.3,3.708,3.35,3.58,13.0,154.0,123.5,14,3.6785714285714284,3.4285714285714284,0.30511150000000004,0.06896551724137931,0.5517241379310345,0.41379310344827586,0.0,0.0,0.10416666666666667,0.25,0.13793103448275862,0.5,100.0,0.3248021525377229
665750,Leody Taveras,Orioles,RF,77,95,54.3,3.706,3.95,3.23,26.0,304.5,201.2,27,3.2222222222222223,3.6296296296296298,0.23884455102040816,0.04838709677419355,0.3548387096774194,0.2903225806451613,0.010101010101010102,0.1111111111111111,0.07142857142857142,0.30612244897959184,0.25806451612903225,0.5,100.0,0.3248489634042553
656716,Zach McKinstry,Tigers,2B,66,93,49.0,3.703,2.85,4.44,27.0,188.0,181.4,27,4.444444444444445,3.8518518518518516,0.3017684423076923,0.03896103896103896,0.2077922077922078,0.42857142857142855,0.028846153846153848,0.0,0.10576923076923077,0.16346153846153846,0.2597402597402597,0.5,100.0,0.3226732304160689
663611,Nick Madrigal,Angels,2B,14,95,9.9,3.699,3.46,3.75,8.0,48.5,36.6,14,3.4642857142857144,3.642857142857143,0.28932874509803924,0.0,0.24390243902439024,0.2926829268292683,0.0,0.07142857142857142,0.13725490196078433,0.058823529411764705,0.3170731707317073,0.5,100.0,0.31725622093837536
643396,Isiah Kiner-Falefa,Red Sox,SS,41,92,31.2,3.695,3.77,4.3,10.0,154.5,115.3,26,4.461538461538462,3.3846153846153846,0.3286913863636363,0.028985507246376812,0.30434782608695654,0.37681159420289856,0.022727272727272728,0.15384615384615385,0.10227272727272728,0.11363636363636363,0.17391304347826086,0.5,100.0,0.30477285479041916
670042,Luke Raley,Mariners,RF,79,95,55.7,3.689,3.61,2.25,22.0,285.5,205.5,22,2.25,3.5,0.26766861038961043,0.10204081632653061,0.4489795918367347,0.3469387755102041,0.013333333333333334,0.0,0.05194805194805195,0.3116883116883117,0.24489795918367346,0.5,100.0,0.3201166018306636
676724,Jared Young,Mets,1B,48,95,33.9,3.687,3.38,3.07,30.0,162.0,125.0,30,3.066666666666667,3.3666666666666667,0.268633801980198,0.0684931506849315,0.410958904109589,0.2465753424657534,0.030927835051546393,0.0,0.04950495049504951,0.18811881188118812,0.273972602739726,0.5,100.0,0.32512481248210706
686475,Tyler Tolbert,Royals,2B,22,95,15.5,3.687,3.93,5.27,15.0,86.5,57.1,15,5.266666666666667,3.2,0.32291825,0.05128205128205128,0.3076923076923077,0.38461538461538464,0.0425531914893617,0.2,0.041666666666666664,0.16666666666666666,0.23076923076923078,0.5,100.0,0.31933881526674235
682818,Yohendrick Piñango,Blue Jays,LF,50,94,36.2,3.686,3.34,2.76,17.0,167.0,133.4,21,2.6904761904761907,3.3333333333333335,0.2978384285714286,0.06382978723404255,0.5106382978723404,0.2765957446808511,0.02857142857142857,0.0,0.07142857142857142,0.2571428571428571,0.23404255319148937,0.5,100.0,0.2995568193899124
807713,Matt Shaw,Cubs,RF,50,94,36.2,3.68,3.49,4.81,13.0,174.5,133.2,13,4.8076923076923075,3.3076923076923075,0.306323023255814,0.038461538461538464,0.38461538461538464,0.23076923076923078,0.024390243902439025,0.07692307692307693,0.13953488372093023,0.20930232558139536,0.3076923076923077,0.5,100.0,0.3249045381111449
807799,Masataka Yoshida,Red Sox,DH,59,92,44.9,3.672,3.22,3.81,16.0,190.0,164.9,16,3.8125,3.625,0.30454506896551725,0.02127659574468085,0.2978723404255319,0.40425531914893614,0.017241379310344827,0.0625,0.05172413793103448,0.13793103448275862,0.2127659574468085,0.5,100.0,0.3074880947025747
678218,Brandon Valenzuela,Blue Jays,C,53,94,38.3,3.665,3.65,3.67,15.0,193.5,140.4,17,4.411764705882353,3.5294117647058822,0.32608713333333333,0.10810810810810811,0.32432432432432434,0.43243243243243246,0.05084745762711865,0.0,0.1,0.2833333333333333,0.2702702702702703,0.5,100.0,0.2983799589243499
663697,Jonathan India,Royals,2B,16,95,11.3,3.649,3.69,,,59.0,41.2,16,3.6875,3.625,0.2843442413793103,0.05714285714285714,0.3142857142857143,0.2857142857142857,0.03571428571428571,0.0,0.13793103448275862,0.22413793103448276,0.22857142857142856,0.5,100.0,0.30350230962343094
672386,Alejandro Kirk,Blue Jays,C,24,94,17.4,3.647,3.15,2.97,19.0,75.5,63.5,19,2.973684210526316,3.789473684210526,0.2444198333333333,0.01818181818181818,0.3090909090909091,0.2909090909090909,0.014084507042253521,0.0,0.08333333333333333,0.1527777777777778,0.23636363636363636,0.5,100.0,0.2990136910735123
676369,Nelson Velázquez,Cardinals,LF,24,92,18.3,3.625,3.67,3.08,19.0,88.0,66.3,19,3.0789473684210527,2.6315789473684212,0.3692938,0.125,0.6875,0.375,0.061224489795918366,0.0,0.1,0.26,0.28125,0.5,100.0,0.3259660396871379
622268,Donovan Walton,Angels,2B,27,95,19.0,3.617,4.57,5.25,16.0,123.5,68.7,20,4.825,3.45,0.3240746666666666,0.05555555555555555,0.37037037037037035,0.46296296296296297,0.043478260869565216,0.0,0.057971014492753624,0.17391304347826086,0.24074074074074073,0.5,100.0,0.3117045191380777
676391,Ernie Clement,Blue Jays,2B,91,94,65.8,3.616,4.3,4.09,28.0,391.5,237.9,28,4.089285714285714,3.9642857142857144,0.25601037837837837,0.010416666666666666,0.15625,0.3854166666666667,0.01834862385321101,0.0,0.036036036036036036,0.0990990990990991,0.2916666666666667,0.5,100.0,0.2990136910735123
666969,Adolis García,Phillies,RF,67,95,47.3,3.609,3.31,3.1,5.0,221.5,170.7,31,2.596774193548387,3.6451612903225805,0.24210180530973455,0.09090909090909091,0.4,0.4,0.02727272727272727,0.06451612903225806,0.07964601769911504,0.415929203539823,0.18181818181818182,0.5,100.0,0.3179612054951345
645302,Victor Robles,Mariners,CF,31,95,21.9,3.599,2.5,2.6,20.0,77.5,78.8,20,2.6,3.45,0.2634061014492754,0.019230769230769232,0.17307692307692307,0.3269230769230769,0.0,0.25,0.07246376811594203,0.15942028985507245,0.38461538461538464,0.5,100.0,0.3201166018306636
681351,Logan O'Hoppe,Angels,C,62,95,43.7,3.597,3.24,3.46,23.0,201.0,157.2,24,3.3125,3.4583333333333335,0.27041055421686744,0.1016949152542373,0.4067796610169492,0.4067796610169492,0.024096385542168676,0.0,0.024096385542168676,0.27710843373493976,0.288135593220339,0.5,100.0,0.3117045191380777
677870,Leo Jiménez,Marlins,DH,37,95,26.1,3.596,2.73,3.44,17.0,101.0,93.9,17,3.4411764705882355,3.235294117647059,0.2939322909090909,0.05405405405405406,0.5405405405405406,0.35135135135135137,0.03773584905660377,0.0,0.05454545454545454,0.23636363636363636,0.21621621621621623,0.5,100.0,0.31265289355662784
595978,Austin Hedges,Guardians,C,43,95,30.3,3.594,3.64,4.23,15.0,156.5,108.9,15,4.233333333333333,3.066666666666667,0.34597541304347823,0.15384615384615385,0.358974358974359,0.38461538461538464,0.044444444444444446,0.0,0.021739130434782608,0.15217391304347827,0.20512820512820512,0.5,100.0,0.3017113614388489
680779,Henry Davis,Pirates,C,52,94,37.6,3.59,3.31,3.75,14.0,172.0,135.0,15,3.6333333333333333,3.0,0.2734625333333333,0.1,0.43333333333333335,0.23333333333333334,0.047619047619047616,0.06666666666666667,0.08888888888888889,0.2,0.3333333333333333,0.5,100.0,0.3247632004936917
621550,Patrick Wisdom,Mariners,1B,15,95,10.6,3.586,1.97,1.07,7.0,29.5,38.0,14,2.107142857142857,3.0,0.271025619047619,0.21739130434782608,0.4782608695652174,0.21739130434782608,0.023255813953488372,0.0,0.047619047619047616,0.40476190476190477,0.30434782608695654,0.5,100.0,0.3201166018306636
672356,Gabriel Arias,Guardians,3B,27,95,19.0,3.585,3.46,3.62,17.0,93.5,68.1,17,3.6176470588235294,3.2941176470588234,0.2944477857142857,0.10344827586206896,0.5172413793103449,0.41379310344827586,0.05263157894736842,0.058823529411764705,0.03571428571428571,0.44642857142857145,0.20689655172413793,0.5,100.0,0.3017113614388489
677588,José Tena,Nationals,DH,67,95,47.3,3.578,2.97,3.58,19.0,199.0,169.2,20,3.575,2.85,0.35054785964912283,0.08333333333333333,0.4722222222222222,0.3055555555555556,0.03508771929824561,0.15,0.10526315789473684,0.2631578947368421,0.16666666666666666,0.5,100.0,0.3313062801784221
815873,Sean Keys,Blue Jays,DH,8,94,5.8,3.569,4.19,4.19,8.0,33.5,20.7,8,4.1875,3.625,0.1885862068965517,0.0,0.6111111111111112,0.2777777777777778,0.034482758620689655,0.0,0.0,0.3793103448275862,0.16666666666666666,0.5,100.0,0.2983799589243499
681508,Mickey Gasper,Red Sox,DH,34,92,25.9,3.561,2.9,1.89,14.0,98.5,92.2,23,2.869565217391304,3.652173913043478,0.27172430952380955,0.03278688524590164,0.29508196721311475,0.26229508196721313,0.0,0.0,0.10714285714285714,0.17857142857142858,0.2459016393442623,0.5,100.0,0.30579199224544845
683011,Anthony Volpe,Yankees,SS,42,94,30.4,3.548,3.9,3.29,26.0,164.0,107.9,26,3.2884615384615383,3.4615384615384617,0.30606575555555554,0.05084745762711865,0.3389830508474576,0.3728813559322034,0.0,0.07692307692307693,0.12222222222222222,0.2222222222222222,0.13559322033898305,0.5,100.0,0.3236690838392599
669357,Nolan Gorman,Cardinals,3B,61,92,46.4,3.54,3.38,1.17,3.0,206.0,164.3,26,2.2884615384615383,3.4615384615384617,0.25395464444444443,0.08888888888888889,0.4444444444444444,0.3111111111111111,0.02197802197802198,0.0,0.12222222222222222,0.37777777777777777,0.26666666666666666,0.5,100.0,0.3265677686746988
672761,Wenceel Pérez,Tigers,RF,53,93,39.3,3.539,3.25,4.07,7.0,172.0,139.1,26,3.6153846153846154,3.423076923076923,0.2606611460674157,0.06451612903225806,0.25806451612903225,0.1935483870967742,0.056179775280898875,0.0,0.10112359550561797,0.20224719101123595,0.2903225806451613,0.5,100.0,0.32349372840409957
823550,Sung-Mun Song,Padres,2B,31,94,22.4,3.534,3.45,4.25,18.0,107.0,79.2,19,4.026315789473684,3.1578947368421053,0.2525704666666667,0.044444444444444446,0.2,0.3111111111111111,0.016666666666666666,0.3684210526315789,0.1,0.15,0.2,0.5,100.0,0.308381512866016
691740,Daniel Susac,Giants,C,33,94,23.9,3.531,3.17,1.95,11.0,104.5,84.4,20,2.55,3.8,0.24183257894736843,0.03773584905660377,0.2641509433962264,0.39622641509433965,0.0,0.05,0.039473684210526314,0.2631578947368421,0.3018867924528302,0.5,100.0,0.3076799761344538
620443,Luis Torrens,Mets,C,55,95,38.8,3.519,2.91,2.53,18.0,160.0,136.5,19,3.1842105263157894,3.3684210526315788,0.308390953125,0.08888888888888889,0.28888888888888886,0.3111111111111111,0.03125,0.0,0.078125,0.203125,0.15555555555555556,0.5,100.0,0.32512481248210706
695336,Thomas Saggese,Cardinals,2B,25,92,19.0,3.517,2.46,,,61.5,66.8,10,2.6,2.5,0.40876303999999997,0.25,0.4375,0.5,0.04,0.1,0.08,0.28,0.25,0.5,100.0,0.3259660396871379
666310,Bo Naylor,Guardians,C,27,95,19.0,3.516,2.15,,,58.0,66.8,22,2.3181818181818183,3.1818181818181817,0.295667,0.1,0.42,0.32,0.02857142857142857,0.0,0.07142857142857142,0.21428571428571427,0.24,0.5,100.0,0.31450498616874134
700246,Carson Williams,Rays,SS,9,92,6.8,3.508,2.33,,,21.0,23.9,5,4.0,4.0,0.22752689999999998,0.0,0.21428571428571427,0.21428571428571427,0.0,0.0,0.05,0.3,0.21428571428571427,0.0,99.0,0.3072239588477366
687859,Troy Johnston,Rockies,1B,85,96,58.4,3.502,4.25,3.81,26.0,361.5,204.5,26,3.8076923076923075,3.1923076923076925,0.3601379397590362,0.016666666666666666,0.38333333333333336,0.35,0.0125,0.038461538461538464,0.14457831325301204,0.0963855421686747,0.25,0.5,100.0,0.3091372676880223
641820,Trey Mancini,Angels,DH,5,95,3.5,3.498,3.9,3.9,5.0,19.5,12.2,5,3.9,2.8,0.2817142857142857,0.18181818181818182,0.45454545454545453,0.09090909090909091,0.0,0.0,0.0,0.21428571428571427,0.18181818181818182,0.5,100.0,0.31745026991150443
665923,Esteury Ruiz,Marlins,RF,45,95,31.7,3.495,3.62,3.93,23.0,163.0,110.8,23,3.9347826086956523,2.6956521739130435,0.4075340483870968,0.06666666666666667,0.26666666666666666,0.5666666666666667,0.017857142857142856,0.4782608695652174,0.1935483870967742,0.22580645161290322,0.26666666666666666,0.5,100.0,0.31265289355662784
641857,Ryan McMahon,Yankees,3B,70,94,50.6,3.485,3.16,3.22,16.0,221.5,176.3,16,3.21875,2.875,0.3952323913043478,0.16,0.52,0.48,0.0425531914893617,0.0,0.10869565217391304,0.34782608695652173,0.16,0.5,100.0,0.3236690838392599
682877,Juan Brito,Guardians,2B,15,95,10.6,3.481,2.83,,,42.5,36.9,15,2.8333333333333335,3.7333333333333334,0.25624076785714284,0.029411764705882353,0.3235294117647059,0.3235294117647059,0.0,0.0,0.07142857142857142,0.30357142857142855,0.20588235294117646,0.5,100.0,0.320571813670412
682177,Daniel Schneemann,Guardians,3B,76,95,53.6,3.475,3.37,2.56,27.0,256.0,186.3,27,2.5555555555555554,3.074074074074074,0.2555680963855422,0.10909090909090909,0.43636363636363634,0.21818181818181817,0.024096385542168676,0.07407407407407407,0.04819277108433735,0.2891566265060241,0.2909090909090909,0.5,100.0,0.3017113614388489
668670,Jake Rogers,Tigers,C,30,93,22.3,3.473,3.02,3.73,11.0,90.5,77.4,11,3.727272727272727,3.3636363636363638,0.24908724324324327,0.047619047619047616,0.42857142857142855,0.3333333333333333,0.05405405405405406,0.0,0.16216216216216217,0.2702702702702703,0.38095238095238093,0.5,100.0,0.3226732304160689
671732,Lawrence Butler,Athletics,RF,81,94,58.6,3.472,3.07,3.67,30.0,249.0,203.5,30,3.6666666666666665,3.2,0.32627342708333334,0.06896551724137931,0.43103448275862066,0.39655172413793105,0.021052631578947368,0.06666666666666667,0.11458333333333333,0.2708333333333333,0.1724137931034483,0.5,100.0,0.3156479264081517
624431,Jose Trevino,Reds,C,20,93,14.8,3.471,3.28,4.85,10.0,65.5,51.4,10,4.85,3.3,0.2771818181818182,0.03571428571428571,0.39285714285714285,0.2857142857142857,0.02857142857142857,0.0,0.0,0.15151515151515152,0.14285714285714285,0.5,100.0,0.3201660807416268
696030,Alejandro Osuna,Rangers,LF,59,94,42.7,3.465,3.11,3.75,22.0,183.5,148.0,22,3.75,3.5454545454545454,0.3146968205128205,0.016666666666666666,0.25,0.35,0.01282051282051282,0.0,0.0641025641025641,0.14102564102564102,0.23333333333333334,0.5,100.0,0.31463714091827893
805904,Zach Cole,Astros,LF,18,96,12.4,3.46,2.64,,,47.5,42.9,18,2.638888888888889,2.9444444444444446,0.2887522452830189,0.16666666666666666,0.5,0.3333333333333333,0.057692307692307696,0.0,0.018867924528301886,0.39622641509433965,0.26666666666666666,0.5,100.0,0.3246200247813411
694377,Nick Yorke,Pirates,RF,25,94,18.1,3.46,2.5,,,62.5,62.6,15,1.5333333333333334,3.2666666666666666,0.2343034489795918,0.05555555555555555,0.4444444444444444,0.25,0.020833333333333332,0.0,0.02040816326530612,0.22448979591836735,0.2777777777777778,0.5,100.0,0.32600087951138257
543510,James McCann,D-backs,C,21,94,15.2,3.458,2.21,2.0,1.0,46.5,52.6,11,2.090909090909091,3.4545454545454546,0.19639473684210526,0.03333333333333333,0.4666666666666667,0.23333333333333334,0.0,0.0,0.0,0.23684210526315788,0.16666666666666666,1.0,102.0,0.31054700788356576
592206,Nick Castellanos,Padres,LF,39,94,28.2,3.457,3.17,,,123.5,97.5,23,4.0,3.0869565217391304,0.2927475492957746,0.10204081632653061,0.3673469387755102,0.40816326530612246,0.057971014492753624,0.08695652173913043,0.028169014084507043,0.28169014084507044,0.40816326530612246,0.5,100.0,0.308381512866016
695681,Christian Moore,Angels,LF,6,95,4.2,3.453,1.83,1.83,6.0,11.0,14.5,6,1.8333333333333333,3.6666666666666665,0.20206990909090908,0.1,0.5,0.4,0.0,0.0,0.045454545454545456,0.5,0.2,0.5,100.0,0.3139757927295918
663604,Brandon Lockridge,Brewers,LF,28,93,20.8,3.436,3.98,,,111.5,71.5,23,3.630434782608696,3.391304347826087,0.285113358974359,0.0,0.32608695652173914,0.2608695652173913,0.0,0.17391304347826086,0.11538461538461539,0.2948717948717949,0.13043478260869565,0.5,100.0,0.31789280523255814
666397,Edouard Julien,Rockies,2B,76,96,52.2,3.427,3.23,3.38,24.0,245.5,178.9,24,3.375,2.9583333333333335,0.3622036056338028,0.07142857142857142,0.5714285714285714,0.4523809523809524,0.014084507042253521,0.041666666666666664,0.16901408450704225,0.23943661971830985,0.16666666666666666,0.5,100.0,0.3091372676880223
641598,Mitch Garver,Mariners,PH,38,95,26.8,3.423,3.29,4.33,9.0,125.0,91.7,10,4.3,3.3,0.3378771212121212,0.11764705882352941,0.29411764705882354,0.4117647058823529,0.0625,0.0,0.09090909090909091,0.36363636363636365,0.23529411764705882,0.5,100.0,0.3204493149284254
664770,Nathan Lukes,Blue Jays,RF,59,94,42.7,3.421,3.49,3.28,30.0,206.0,146.1,30,3.283333333333333,3.6666666666666665,0.2757664,0.011627906976744186,0.19767441860465115,0.2441860465116279,0.02727272727272727,0.0,0.07272727272727272,0.16363636363636364,0.12790697674418605,0.5,100.0,0.2990136910735123
810938,Ben Williamson,Rays,P,64,92,48.7,3.418,3.45,2.86,21.0,220.5,166.5,21,2.857142857142857,3.380952380952381,0.2854885915492958,0.03773584905660377,0.2641509433962264,0.3584905660377358,0.027777777777777776,0.09523809523809523,0.07042253521126761,0.18309859154929578,0.18867924528301888,0.5,100.0,0.3106380091418461
678391,Jorbit Vivas,Nationals,2B,66,95,46.5,3.409,2.8,3.32,20.0,184.5,158.5,20,3.325,3.2,0.3414254375,0.057692307692307696,0.3269230769230769,0.46153846153846156,0.03125,0.0,0.09375,0.09375,0.19230769230769232,0.5,100.0,0.3313062801784221
669134,Luis Campusano,Padres,C,25,94,18.1,3.408,4.5,4.0,7.0,112.5,61.7,7,4.0,2.7142857142857144,0.39751000000000003,0.08333333333333333,0.5,0.3333333333333333,0.05263157894736842,0.0,0.2631578947368421,0.10526315789473684,0.16666666666666666,0.5,100.0,0.308381512866016
543309,Kyle Higashioka,Rangers,C,49,94,35.4,3.406,3.37,2.72,18.0,165.0,120.6,18,2.7222222222222223,3.5,0.24521850793650793,0.024390243902439025,0.34146341463414637,0.2926829268292683,0.031746031746031744,0.0,0.1111111111111111,0.23809523809523808,0.3170731707317073,0.5,100.0,0.31463714091827893
669699,Braden Shewmake,Astros,SS,25,96,17.2,3.401,3.46,10.0,1.0,86.5,58.5,22,3.090909090909091,3.272727272727273,0.2739455,0.05172413793103448,0.3793103448275862,0.3103448275862069,0.027777777777777776,0.0,0.027777777777777776,0.16666666666666666,0.2413793103448276,1.0,99.0,0.3273695054397099
682668,Luisangel Acuña,White Sox,SS,55,93,40.8,3.394,2.8,3.3,15.0,154.0,138.5,16,3.625,2.4375,0.334,0.09375,0.5,0.34375,0.02564102564102564,0.25,0.0,0.1794871794871795,0.125,0.5,100.0,0.32492551673944686
545121,Ildemaro Vargas,D-backs,2B,76,94,55.0,3.388,4.55,3.0,21.0,346.0,186.3,21,3.0,3.2857142857142856,0.2795328405797102,0.018518518518518517,0.35185185185185186,0.25925925925925924,0.0,0.047619047619047616,0.10144927536231885,0.11594202898550725,0.18518518518518517,0.5,100.0,0.30977675153823614
687093,Vaughn Grissom,Angels,3B,54,95,38.1,3.377,4.42,4.39,14.0,238.5,128.7,14,4.392857142857143,3.642857142857143,0.29503813725490197,0.02857142857142857,0.2857142857142857,0.4857142857142857,0.02040816326530612,0.0,0.058823529411764705,0.23529411764705882,0.2,0.5,100.0,0.3117045191380777
642086,Dominic Smith,Braves,DH,76,93,56.4,3.368,3.51,2.9,26.0,266.5,190.0,26,2.9038461538461537,3.3461538461538463,0.2575897011494253,0.029850746268656716,0.34328358208955223,0.2537313432835821,0.011494252873563218,0.0,0.09195402298850575,0.13793103448275862,0.19402985074626866,0.5,100.0,0.3216973392185239
553869,Elias Díaz,Rangers,DH,28,94,20.3,3.356,3.98,3.9,20.0,111.5,68.1,20,3.9,3.25,0.2973467384615385,0.03773584905660377,0.3584905660377358,0.3584905660377358,0.03125,0.0,0.015384615384615385,0.16923076923076924,0.22641509433962265,0.5,100.0,0.31463714091827893
678662,Ezequiel Tovar,Rockies,SS,88,96,60.5,3.351,3.46,3.48,29.0,304.5,202.7,29,3.4827586206896552,3.586206896551724,0.2119770576923077,0.03896103896103896,0.24675324675324675,0.33766233766233766,0.039603960396039604,0.034482758620689655,0.028846153846153848,0.23076923076923078,0.2857142857142857,0.5,100.0,0.3091372676880223
545341,Randal Grichuk,White Sox,DH,57,93,42.3,3.35,3.21,2.66,22.0,183.0,141.7,23,3.282608695652174,2.5652173913043477,0.35167142372881355,0.13953488372093023,0.5116279069767442,0.3953488372093023,0.0847457627118644,0.0,0.05084745762711865,0.22033898305084745,0.2558139534883721,0.5,100.0,0.32492551673944686
680700,Richie Palacios,Rays,2B,65,92,49.5,3.348,3.77,3.41,23.0,245.0,165.7,23,3.4130434782608696,3.217391304347826,0.34058313513513516,0.04918032786885246,0.26229508196721313,0.4262295081967213,0.02666666666666667,0.043478260869565216,0.05405405405405406,0.12162162162162163,0.22950819672131148,0.5,100.0,0.3106380091418461
595879,Javier Báez,Tigers,CF,24,93,17.8,3.347,3.42,,,82.0,59.6,24,3.4166666666666665,3.375,0.29383218518518517,0.03225806451612903,0.2903225806451613,0.46774193548387094,0.025,0.041666666666666664,0.024691358024691357,0.19753086419753085,0.16129032258064516,0.5,100.0,0.35395897604259097
681393,Connor Norby,Marlins,1B,64,95,45.1,3.345,3.12,1.85,10.0,199.5,150.9,20,1.7,3.3,0.2510488030303031,0.058823529411764705,0.38235294117647056,0.2647058823529412,0.0,0.05,0.09090909090909091,0.3484848484848485,0.5,0.5,100.0,0.30584504822934233
682997,Tyler Callihan,Pirates,1B,26,94,18.8,3.344,4.29,4.35,24.0,111.5,62.9,24,4.354166666666667,3.2916666666666665,0.29701388607594936,0.09090909090909091,0.3181818181818182,0.45454545454545453,0.03896103896103896,0.041666666666666664,0.08860759493670886,0.34177215189873417,0.38636363636363635,0.5,100.0,0.3247632004936917
702616,Jackson Holliday,Orioles,2B,43,95,30.3,3.335,3.55,3.16,28.0,152.5,101.1,28,3.1607142857142856,3.0357142857142856,0.322428894117647,0.13725490196078433,0.35294117647058826,0.43137254901960786,0.03571428571428571,0.03571428571428571,0.1411764705882353,0.25882352941176473,0.21568627450980393,0.5,100.0,0.3248489634042553
687282,Gabriel Rincones Jr.,Phillies,RF,20,95,14.1,3.335,2.8,2.8,20.0,56.0,47.0,20,2.8,3.2,0.217240734375,0.09302325581395349,0.4186046511627907,0.23255813953488372,0.03076923076923077,0.0,0.03125,0.28125,0.23255813953488372,0.5,100.0,0.3179612054951345
672724,Oswald Peraza,Angels,2B,78,95,55.0,3.331,3.49,2.52,23.0,272.5,183.2,23,2.5217391304347827,3.5217391304347827,0.17272839506172838,0.0425531914893617,0.3829787234042553,0.23404255319148937,0.0,0.13043478260869565,0.0,0.41975308641975306,0.1276595744680851,0.5,100.0,0.3117045191380777
663743,Nick Fortes,Rays,C,67,92,51.0,3.329,2.98,3.65,20.0,199.5,169.8,21,3.4761904761904763,3.238095238095238,0.2684176470588235,0.03571428571428571,0.2857142857142857,0.16071428571428573,0.015384615384615385,0.0,0.029411764705882353,0.10294117647058823,0.17857142857142858,0.5,100.0,0.3106380091418461
701675,Nathan Church,Cardinals,CF,68,92,51.7,3.327,3.94,3.66,28.0,268.0,172.0,28,3.6607142857142856,3.3214285714285716,0.2609867311827957,0.06060606060606061,0.30303030303030304,0.3333333333333333,0.03225806451612903,0.03571428571428571,0.07526881720430108,0.21505376344086022,0.16666666666666666,0.5,100.0,0.3259660396871379
682987,Spencer Jones,Yankees,CF,28,94,20.3,3.32,2.79,3.06,17.0,78.0,67.4,18,3.388888888888889,3.0555555555555554,0.2902950545454545,0.07407407407407407,0.5555555555555556,0.3333333333333333,0.03636363636363636,0.0,0.10909090909090909,0.4,0.25925925925925924,0.5,100.0,0.3236690838392599
596146,Max Kepler,D-backs,DH,11,94,8.0,3.319,3.14,3.14,11.0,34.5,26.6,11,3.1363636363636362,3.0,0.33159206060606056,0.13043478260869565,0.4782608695652174,0.5652173913043478,0.030303030303030304,0.0,0.030303030303030304,0.2727272727272727,0.2608695652173913,0.5,100.0,0.30977675153823614
605244,Aramis Garcia,D-backs,C,7,94,5.1,3.311,2.29,0.0,1.0,16.0,16.9,5,2.8,3.2,0.249875,0.09090909090909091,0.36363636363636365,0.2727272727272727,0.0625,0.0,0.0,0.3125,0.18181818181818182,0.5,100.0,0.31239461155698234
691907,Tsung-Che Cheng,Red Sox,SS,8,92,6.1,3.31,4.12,4.12,8.0,33.0,20.2,8,4.125,3.625,0.3104164137931035,0.05263157894736842,0.21052631578947367,0.47368421052631576,0.0,0.0,0.06896551724137931,0.27586206896551724,0.3684210526315789,0.5,100.0,0.3074880947025747
806068,Colt Emerson,Mariners,SS,44,95,31.0,3.301,3.83,3.24,27.0,168.5,102.3,28,3.4285714285714284,3.5357142857142856,0.22690540404040405,0.057692307692307696,0.23076923076923078,0.3269230769230769,0.04081632653061224,0.10714285714285714,0.08080808080808081,0.3838383838383838,0.19230769230769232,0.5,100.0,0.3201166018306636
686452,Drew Millas,Nationals,C,42,95,29.6,3.292,2.81,2.45,10.0,118.0,97.4,12,2.6666666666666665,3.75,0.2629411555555556,0.0,0.25,0.375,0.0,0.0,0.1111111111111111,0.28888888888888886,0.20833333333333334,0.5,100.0,0.32981704110762206
518595,Travis d'Arnaud,Angels,C,13,95,9.2,3.291,2.65,,,34.5,30.3,11,2.727272727272727,3.090909090909091,0.3303316470588235,0.08,0.28,0.36,0.03125,0.0,0.08823529411764706,0.11764705882352941,0.24,0.5,100.0,0.3117045191380777
687401,Joey Ortiz,Brewers,3B,70,93,51.9,3.288,3.06,3.33,26.0,214.0,170.6,27,3.240740740740741,3.185185185185185,0.3025652790697675,0.04411764705882353,0.3235294117647059,0.35294117647058826,0.023529411764705882,0.037037037037037035,0.03488372093023256,0.18604651162790697,0.17647058823529413,0.5,100.0,0.3221294729538374
681546,James Outman,Tigers,CF,47,93,34.9,3.282,2.54,3.4,20.0,119.5,114.5,20,3.4,3.15,0.23740777777777777,0.16129032258064516,0.3548387096774194,0.3548387096774194,0.047619047619047616,0.05,0.07936507936507936,0.42857142857142855,0.2903225806451613,0.5,100.0,0.3226732304160689
814439,Ryan Waldschmidt,D-backs,CF,33,94,23.9,3.282,3.62,1.93,7.0,119.5,78.4,7,1.9285714285714286,3.7142857142857144,0.19622573076923075,0.14285714285714285,0.21428571428571427,0.35714285714285715,0.0,0.0,0.038461538461538464,0.38461538461538464,0.14285714285714285,0.5,100.0,0.30977675153823614
679822,Justin Foscue,Rangers,2B,42,94,30.4,3.266,3.73,4.53,20.0,156.5,99.3,20,4.525,2.5,0.36545532000000003,0.1875,0.40625,0.375,0.1,0.0,0.14,0.22,0.25,0.5,100.0,0.31463714091827893
665877,José Fermín,Cardinals,CF,58,92,44.1,3.266,3.09,3.86,25.0,179.0,144.0,25,3.86,3.28,0.29346526829268293,0.029411764705882353,0.23529411764705882,0.45588235294117646,0.024390243902439025,0.08,0.04878048780487805,0.13414634146341464,0.27941176470588236,0.5,100.0,0.3259660396871379
663967,César Salazar,Astros,C,7,96,4.8,3.265,1.0,,,7.0,15.7,7,1.0,3.142857142857143,0.3282247727272727,0.0,0.3333333333333333,0.2,0.0,0.0,0.13636363636363635,0.13636363636363635,0.2,0.5,100.0,0.3273695054397099
683679,Jesus Rodriguez,Giants,C,14,94,10.1,3.258,3.39,,,47.5,32.9,14,3.392857142857143,3.0714285714285716,0.3203010465116279,0.029411764705882353,0.29411764705882354,0.38235294117647056,0.047619047619047616,0.07142857142857142,0.06976744186046512,0.11627906976744186,0.23529411764705882,0.5,100.0,0.3025299096774194
694514,Sterlin Thompson,Rockies,DH,26,96,17.9,3.252,2.98,2.95,11.0,77.5,58.2,24,3.2291666666666665,3.0416666666666665,0.30342031506849315,0.06666666666666667,0.4444444444444444,0.3333333333333333,0.02857142857142857,0.0,0.0684931506849315,0.273972602739726,0.26666666666666666,0.5,100.0,0.310109320150017
686765,Nick Sogard,Red Sox,2B,11,92,8.4,3.247,3.23,,,35.5,27.3,11,3.227272727272727,3.6363636363636362,0.30129225000000004,0.0,0.16666666666666666,0.3333333333333333,0.0,0.0,0.125,0.15,0.13333333333333333,0.5,100.0,0.3092207140845071
656976,Pavin Smith,D-backs,1B,28,94,20.3,3.242,2.05,2.24,21.0,57.5,65.8,23,2.0434782608695654,3.217391304347826,0.26198332432432436,0.037037037037037035,0.2962962962962963,0.25925925925925924,0.0136986301369863,0.043478260869565216,0.0945945945945946,0.17567567567567569,0.3148148148148148,0.5,100.0,0.31023149111900533
681987,Nate Eaton,Red Sox,LF,11,92,8.4,3.24,2.95,2.95,11.0,32.5,27.2,11,2.9545454545454546,3.1818181818181817,0.2930006,0.10526315789473684,0.3157894736842105,0.47368421052631576,0.029411764705882353,0.09090909090909091,0.14285714285714285,0.2857142857142857,0.21052631578947367,0.5,100.0,0.3074880947025747
669899,Ryan Ward,Dodgers,1B,20,95,14.1,3.237,3.9,3.73,15.0,78.0,45.6,18,4.0,2.9444444444444446,0.318541320754717,0.125,0.34375,0.375,0.05555555555555555,0.0,0.09433962264150944,0.3018867924528302,0.21875,0.5,100.0,0.3498682738993711
699912,Jose Fernandez,D-backs,DH,51,94,36.9,3.237,3.61,,,184.0,119.4,28,2.2142857142857144,3.107142857142857,0.24299405747126437,0.015625,0.328125,0.265625,0.0,0.21428571428571427,0.04597701149425287,0.2413793103448276,0.1875,0.5,100.0,0.31243446989010987
675961,Alika Williams,Athletics,2B,26,94,18.8,3.234,3.62,4.32,19.0,94.0,60.8,19,4.315789473684211,3.3684210526315788,0.25201681249999996,0.0,0.3695652173913043,0.30434782608695654,0.03125,0.0,0.03125,0.265625,0.2826086956521739,0.5,100.0,0.3156479264081517
500743,Miguel Rojas,Dodgers,2B,60,95,42.3,3.234,2.74,3.28,23.0,164.5,136.8,23,3.282608695652174,2.347826086956522,0.3647435555555556,0.1276595744680851,0.48936170212765956,0.3404255319148936,0.0392156862745098,0.0,0.07407407407407407,0.05555555555555555,0.2127659574468085,0.5,100.0,0.34704850083287064
630105,Jake Cronenworth,Padres,PH,43,94,31.1,3.224,2.81,3.71,12.0,121.0,100.3,12,3.7083333333333335,3.25,0.26847533333333334,0.10714285714285714,0.2857142857142857,0.35714285714285715,0.05128205128205128,0.0,0.02564102564102564,0.28205128205128205,0.14285714285714285,0.5,100.0,0.308381512866016
686668,Brenton Doyle,Rockies,CF,38,96,26.1,3.213,3.16,,,120.0,83.9,24,3.2083333333333335,2.8333333333333335,0.2615033529411765,0.07317073170731707,0.36585365853658536,0.2682926829268293,0.0,0.2916666666666667,0.08823529411764706,0.3088235294117647,0.12195121951219512,0.5,100.0,0.3067986496350365
808975,Hyeseong Kim,Dodgers,LF,40,95,28.2,3.21,3.4,,,136.0,90.5,28,3.0535714285714284,3.357142857142857,0.29937476595744683,0.015384615384615385,0.26153846153846155,0.4153846153846154,0.0,0.07142857142857142,0.06382978723404255,0.23404255319148937,0.13846153846153847,0.5,100.0,0.34704850083287064
683734,Andrew Vaughn,Brewers,1B,52,93,38.6,3.204,4.12,3.96,28.0,214.0,123.7,29,4.0344827586206895,2.9655172413793105,0.3463603953488372,0.031746031746031744,0.3968253968253968,0.36507936507936506,0.011627906976744186,0.0,0.1511627906976744,0.11627906976744186,0.25396825396825395,0.5,100.0,0.3221294729538374
676914,Davis Schneider,Blue Jays,LF,43,94,31.1,3.197,2.53,3.35,10.0,109.0,99.4,12,2.7916666666666665,2.5,0.24228460000000002,0.15,0.55,0.2,0.06666666666666667,0.0,0.03333333333333333,0.3,0.55,0.5,100.0,0.30247733772218566
655316,Andruw Monasterio,Red Sox,SS,53,92,40.3,3.186,2.84,1.9,21.0,150.5,128.4,22,2.2045454545454546,2.772727272727273,0.2816002295081967,0.14285714285714285,0.38095238095238093,0.3333333333333333,0.04918032786885246,0.045454545454545456,0.04918032786885246,0.26229508196721313,0.3333333333333333,0.5,100.0,0.3074880947025747
672275,Patrick Bailey,Guardians,C,58,95,40.9,3.177,2.48,3.17,18.0,144.0,129.9,18,3.1666666666666665,3.2222222222222223,0.2673474482758621,0.05,0.4,0.325,0.017241379310344827,0.0,0.06896551724137931,0.25862068965517243,0.175,0.5,100.0,0.3017113614388489
668952,Ryan Kreidler,Twins,SS,46,95,32.4,3.177,3.73,3.58,26.0,171.5,102.9,26,3.576923076923077,2.9615384615384617,0.27840555844155845,0.08620689655172414,0.3448275862068966,0.20689655172413793,0.025974025974025976,0.0,0.07792207792207792,0.16883116883116883,0.15517241379310345,0.5,100.0,0.3125409186763881
685133,Wade Meckler,Angels,LF,39,95,27.5,3.17,4.27,3.52,27.0,166.5,87.2,27,3.5185185185185186,3.4814814814814814,0.2973657446808511,0.016129032258064516,0.3064516129032258,0.43548387096774194,0.0,0.0,0.10638297872340426,0.23404255319148937,0.14516129032258066,0.5,100.0,0.3117045191380777
699625,Jimmy Crooks,Cardinals,C,22,92,16.7,3.154,2.43,2.25,18.0,53.5,52.7,18,2.25,2.7222222222222223,0.30006010204081635,0.10714285714285714,0.5714285714285714,0.42857142857142855,0.04081632653061224,0.0,0.061224489795918366,0.3469387755102041,0.35714285714285715,0.5,100.0,0.3259660396871379
695490,Edwin Arroyo,Reds,2B,28,93,20.8,3.151,2.8,2.96,24.0,78.5,65.5,24,2.9583333333333335,3.5,0.3089706071428572,0.0,0.23076923076923078,0.46153846153846156,0.0,0.0,0.011904761904761904,0.19047619047619047,0.18461538461538463,0.5,100.0,0.3190471303317536
694378,Jacob Gonzalez,White Sox,1B,30,93,22.3,3.148,3.68,3.78,25.0,110.5,70.2,26,3.7115384615384617,3.0384615384615383,0.3068087341772152,0.017857142857142856,0.39285714285714285,0.30357142857142855,0.02564102564102564,0.0,0.0759493670886076,0.20253164556962025,0.21428571428571427,0.5,100.0,0.32492551673944686
665926,Andrés Giménez,Blue Jays,SS,86,94,62.2,3.145,3.6,3.77,26.0,310.0,195.6,28,3.5714285714285716,3.2857142857142856,0.28985442391304345,0.03076923076923077,0.24615384615384617,0.4,0.011363636363636364,0.10714285714285714,0.03260869565217391,0.2391304347826087,0.18461538461538463,0.5,100.0,0.2990136910735123
691373,Jhostynxon Garcia,Pirates,RF,11,94,8.0,3.143,2.09,,,23.0,25.1,11,2.090909090909091,3.3636363636363638,0.28175321621621624,0.04,0.32,0.44,0.0,0.0,0.02702702702702703,0.2702702702702703,0.2,0.5,100.0,0.3289680715713714
663837,Matt Vierling,Tigers,RF,71,93,52.7,3.137,3.2,2.24,25.0,227.5,165.3,25,2.24,2.96,0.2660956216216216,0.031746031746031744,0.3968253968253968,0.31746031746031744,0.013513513513513514,0.04,0.02702702702702703,0.13513513513513514,0.23809523809523808,0.5,100.0,0.3226732304160689
656555,Rhys Hoskins,Guardians,DH,75,95,52.9,3.13,3.47,2.54,25.0,260.0,165.6,25,2.54,3.44,0.23977867441860465,0.07142857142857142,0.30952380952380953,0.3333333333333333,0.03571428571428571,0.0,0.09302325581395349,0.3953488372093023,0.19047619047619047,0.5,100.0,0.3017113614388489
641584,Jake Fraley,Rays,RF,28,92,21.3,3.128,3.0,,,84.0,66.6,18,3.4166666666666665,3.2222222222222223,0.27695089655172417,0.11764705882352941,0.20588235294117646,0.5588235294117647,0.034482758620689655,0.16666666666666666,0.06896551724137931,0.3448275862068966,0.23529411764705882,0.5,100.0,0.30305407182662536
686217,Sal Frelick,Brewers,RF,85,93,63.1,3.126,3.53,2.98,28.0,300.0,197.3,29,3.3793103448275863,3.0,0.31079421839080457,0.0136986301369863,0.2876712328767123,0.3287671232876712,0.0,0.06896551724137931,0.08045977011494253,0.06896551724137931,0.2328767123287671,0.5,100.0,0.3221294729538374
687231,Darell Hernaiz,Athletics,SS,41,94,29.7,3.125,2.76,0.0,1.0,113.0,92.8,24,2.7083333333333335,3.3333333333333335,0.2627069875,0.017241379310344827,0.25862068965517243,0.3275862068965517,0.0,0.041666666666666664,0.075,0.2,0.22413793103448276,0.5,100.0,0.3217923613861386
700337,Edgar Quero,White Sox,C,50,93,37.1,3.124,2.5,1.11,9.0,125.0,115.9,21,2.4047619047619047,3.0476190476190474,0.27580646875,0.041666666666666664,0.3958333333333333,0.3541666666666667,0.016129032258064516,0.0,0.046875,0.203125,0.2916666666666667,0.5,100.0,0.32492043220338984
669701,Josh Smith,Rangers,LF,39,94,28.2,3.115,2.82,3.22,9.0,110.0,87.8,9,3.2222222222222223,3.3333333333333335,0.21053333333333332,0.08333333333333333,0.16666666666666666,0.25,0.03333333333333333,0.0,0.0,0.2,0.25,0.5,100.0,0.313844877408056
666023,Freddy Fermin,Padres,C,47,94,34.0,3.111,2.54,4.08,13.0,119.5,105.8,17,3.2941176470588234,3.0,0.29788682352941176,0.07692307692307693,0.2564102564102564,0.3076923076923077,0.058823529411764705,0.0,0.11764705882352941,0.17647058823529413,0.28205128205128205,0.5,100.0,0.312778732929164
701678,Hao-Yu Lee,Tigers,2B,52,93,38.6,3.106,2.84,3.4,21.0,147.5,119.9,21,3.4047619047619047,3.142857142857143,0.25758506060606057,0.02127659574468085,0.3617021276595745,0.3404255319148936,0.030303030303030304,0.047619047619047616,0.045454545454545456,0.25757575757575757,0.23404255319148937,0.5,100.0,0.3226732304160689
693409,César Prieto,Cardinals,3B,6,92,4.6,3.105,0.0,,,0.0,14.3,6,0.0,2.6666666666666665,0.250875,0.07142857142857142,0.5,0.21428571428571427,0.0,0.0,0.0,0.125,0.2857142857142857,0.5,100.0,0.3259660396871379
664954,Brett Sullivan,Rockies,C,42,96,28.9,3.103,2.93,3.86,14.0,123.0,89.7,15,3.6,2.7333333333333334,0.3237954634146341,0.058823529411764705,0.4411764705882353,0.47058823529411764,0.075,0.0,0.07317073170731707,0.0975609756097561,0.20588235294117646,0.5,100.0,0.30937233164556965
678009,Parker Meadows,Tigers,CF,11,93,8.2,3.094,2.64,,,29.0,25.4,11,2.6363636363636362,3.1818181818181817,0.21602482857142857,0.0,0.16666666666666666,0.25,0.0,0.2727272727272727,0.02857142857142857,0.2571428571428571,0.20833333333333334,0.5,100.0,0.3294810967741935
680474,Max Schuemann,Yankees,LF,25,94,18.1,3.077,3.34,3.1,15.0,83.5,55.7,16,2.96875,2.3125,0.3518147297297297,0.25,0.3,0.4,0.058823529411764705,0.0625,0.10810810810810811,0.2702702702702703,0.45,0.5,100.0,0.3236690838392599
687957,Dustin Harris,Astros,LF,17,96,11.7,3.069,3.29,,,56.0,35.9,17,3.2941176470588234,3.0,0.33416782352941177,0.0,0.15789473684210525,0.47368421052631576,0.0,0.23529411764705882,0.11764705882352941,0.13725490196078433,0.2631578947368421,0.5,100.0,0.3409623742647059
666211,Taylor Trammell,Astros,CF,40,96,27.5,3.069,3.05,2.45,21.0,122.0,84.4,24,2.3541666666666665,2.5416666666666665,0.3322244262295082,0.17142857142857143,0.42857142857142855,0.34285714285714286,0.04918032786885246,0.0,0.08196721311475409,0.3442622950819672,0.37142857142857144,0.5,100.0,0.3182722610218978
666152,David Hamilton,Brewers,3B,69,93,51.2,3.062,3.62,3.19,21.0,250.0,156.8,25,3.28,3.04,0.23934510526315791,0.061224489795918366,0.2653061224489796,0.3469387755102041,0.02631578947368421,0.2,0.07894736842105263,0.32894736842105265,0.22448979591836735,0.5,100.0,0.322648802168816
680757,Steven Kwan,Guardians,LF,86,95,60.7,3.036,3.27,2.64,29.0,281.5,184.3,29,2.6379310344827585,3.3448275862068964,0.34484316494845363,0.0,0.10666666666666667,0.41333333333333333,0.0,0.034482758620689655,0.12371134020618557,0.09278350515463918,0.25333333333333335,0.5,100.0,0.3017113614388489
665966,Carlos Narváez,Red Sox,C,49,92,37.3,3.03,2.4,1.5,13.0,117.5,113.0,14,1.3928571428571428,3.2857142857142856,0.21662758695652173,0.06896551724137931,0.3793103448275862,0.3793103448275862,0.0,0.0,0.021739130434782608,0.3695652173913043,0.3793103448275862,0.5,100.0,0.30748887895995214
642708,Amed Rosario,Yankees,3B,52,94,37.6,3.028,3.83,3.02,21.0,199.0,113.9,21,3.0238095238095237,2.9047619047619047,0.2892067868852459,0.0975609756097561,0.36585365853658536,0.4634146341463415,0.04918032786885246,0.047619047619047616,0.04918032786885246,0.2786885245901639,0.14634146341463414,0.5,100.0,0.3236690838392599
656577,Alex Jackson,Twins,C,18,95,12.7,3.027,3.06,3.08,12.0,55.0,38.4,13,3.1153846153846154,3.0,0.2280682564102564,0.03333333333333333,0.36666666666666664,0.16666666666666666,0.02702702702702703,0.0,0.0,0.1794871794871795,0.13333333333333333,0.5,100.0,0.3125409186763881
643446,Jeff McNeil,Athletics,2B,83,94,60.0,3.022,3.01,2.76,25.0,249.5,181.3,25,2.76,3.04,0.25633530263157894,0.0,0.3384615384615385,0.2923076923076923,0.013513513513513514,0.0,0.05263157894736842,0.07894736842105263,0.2923076923076923,0.5,100.0,0.3156479264081517
694497,Evan Carter,Rangers,CF,76,94,55.0,3.021,3.35,3.09,16.0,254.5,166.2,16,3.09375,3.0,0.28588664583333334,0.03571428571428571,0.2857142857142857,0.25,0.02127659574468085,0.125,0.125,0.2916666666666667,0.14285714285714285,0.5,100.0,0.31463714091827893
608841,Joey Meneses,Athletics,1B,8,94,5.8,3.017,1.56,1.56,8.0,12.5,17.5,8,1.5625,2.625,0.31760066666666664,0.0,0.5333333333333333,0.2,0.0,0.0,0.14285714285714285,0.14285714285714285,0.3333333333333333,0.5,100.0,0.3156479264081517
672820,Lenyn Sosa,Blue Jays,1B,39,94,28.2,3.005,2.29,,,89.5,84.7,22,2.0,3.090909090909091,0.22264513235294117,0.061224489795918366,0.3673469387755102,0.2653061224489796,0.014925373134328358,0.0,0.014705882352941176,0.25,0.22448979591836735,0.5,100.0,0.30439016029411764
666624,Christopher Morel,Marlins,1B,22,95,15.5,2.998,1.7,0.0,1.0,37.5,46.5,16,1.625,3.3125,0.19994483018867923,0.03333333333333333,0.4,0.3333333333333333,0.0,0.0625,0.03773584905660377,0.39622641509433965,0.2,0.5,100.0,0.30687003170828375
670032,Nicky Lopez,Rangers,2B,39,94,28.2,2.995,3.32,3.48,28.0,129.5,84.5,28,3.482142857142857,2.9285714285714284,0.2822838536585366,0.0,0.22535211267605634,0.22535211267605634,0.0,0.14285714285714285,0.036585365853658534,0.0975609756097561,0.14084507042253522,0.5,100.0,0.31463714091827893
691785,Marcelo Mayer,Red Sox,SS,68,92,51.7,2.98,2.94,3.54,14.0,200.0,154.1,26,3.1538461538461537,3.1538461538461537,0.24073196341463418,0.03333333333333333,0.3,0.23333333333333334,0.012658227848101266,0.0,0.06097560975609756,0.1951219512195122,0.18333333333333332,0.5,100.0,0.30415013549488057
694025,Felix Reyes,Phillies,LF,12,95,8.5,2.957,1.92,,,23.0,25.1,12,1.9166666666666667,3.1666666666666665,0.2326315789473684,0.06896551724137931,0.27586206896551724,0.3793103448275862,0.02631578947368421,0.0,0.0,0.23684210526315788,0.2413793103448276,0.5,100.0,0.3135731793939394
807727,Charles McAdoo,Blue Jays,1B,8,94,5.8,2.956,2.5,0.4,5.0,20.0,17.1,8,2.5,3.125,0.23412,0.05263157894736842,0.2631578947368421,0.21052631578947367,0.04,0.0,0.0,0.24,0.10526315789473684,0.5,100.0,0.30329506801994305
701162,Ben Malgeri,Tigers,RF,8,93,5.9,2.945,3.25,3.25,8.0,26.0,17.4,8,3.25,3.125,0.31636608,0.0,0.4,0.4,0.0,0.0,0.16,0.24,0.06666666666666667,0.5,100.0,0.32279028194726167
702222,Justin Crawford,Phillies,CF,86,95,60.7,2.932,3.36,3.67,30.0,289.0,178.0,30,3.6666666666666665,3.033333333333333,0.30235839560439565,0.0,0.29411764705882354,0.4264705882352941,0.0,0.13333333333333333,0.03296703296703297,0.24175824175824176,0.17647058823529413,0.5,100.0,0.3179612054951345
699393,Pedro Ramírez,Cubs,DH,23,94,16.6,2.931,3.0,3.18,17.0,69.0,48.7,20,2.975,2.6,0.29594376923076926,0.047619047619047616,0.40476190476190477,0.38095238095238093,0.0196078431372549,0.1,0.038461538461538464,0.17307692307692307,0.30952380952380953,0.5,100.0,0.3248021525377229
668901,Mark Vientos,Mets,1B,72,95,50.8,2.918,3.63,3.44,18.0,261.5,148.2,21,2.9523809523809526,2.9047619047619047,0.25194573770491807,0.08571428571428572,0.34285714285714286,0.2857142857142857,0.06666666666666667,0.0,0.08196721311475409,0.3442622950819672,0.22857142857142856,0.5,100.0,0.3223823702702703
467793,Carlos Santana,D-backs,1B,8,94,5.8,2.917,1.06,,,8.5,16.9,8,1.0625,3.25,0.1871183076923077,0.0,0.4375,0.25,0.0,0.0,0.07692307692307693,0.3076923076923077,0.1875,0.5,100.0,0.30977675153823614
695020,Tanner Murray,White Sox,LF,12,93,8.9,2.91,2.17,,,26.0,25.9,12,2.1666666666666665,2.5833333333333335,0.2752860967741935,0.08695652173913043,0.43478260869565216,0.2608695652173913,0.03333333333333333,0.0,0.03225806451612903,0.22580645161290322,0.30434782608695654,0.5,100.0,0.319494044719315
694388,Joey Loperfido,Astros,LF,39,96,26.8,2.899,2.96,2.42,19.0,115.5,77.7,19,2.4210526315789473,2.736842105263158,0.3284185769230769,0.09090909090909091,0.30303030303030304,0.30303030303030304,0.019230769230769232,0.0,0.1346153846153846,0.23076923076923078,0.3333333333333333,0.5,100.0,0.31794421920903954
680728,Adrian Del Castillo,D-backs,C,49,94,35.4,2.896,3.08,2.55,10.0,151.0,102.5,12,2.125,2.8333333333333335,0.2611492941176471,0.08333333333333333,0.375,0.3333333333333333,0.029411764705882353,0.0,0.058823529411764705,0.23529411764705882,0.25,0.5,100.0,0.31040934674922604
642350,Jose Siri,Angels,LF,37,95,26.1,2.889,3.55,3.18,25.0,131.5,75.4,25,3.18,2.6,0.31936955384615384,0.09302325581395349,0.32558139534883723,0.23255813953488372,0.046875,0.04,0.07692307692307693,0.27692307692307694,0.23255813953488372,0.5,100.0,0.3117045191380777
690976,Alex Freeland,Dodgers,SS,67,95,47.3,2.882,3.07,2.74,27.0,206.0,136.3,27,2.740740740740741,3.1481481481481484,0.2495393176470588,0.0,0.391304347826087,0.3695652173913043,0.0,0.037037037037037035,0.10588235294117647,0.35294117647058826,0.21739130434782608,0.5,100.0,0.34704850083287064
650391,Eloy Jiménez,Blue Jays,DH,12,94,8.7,2.878,2.5,,,30.0,25.0,12,2.5,2.9166666666666665,0.2562746857142857,0.04,0.44,0.32,0.0,0.0,0.08571428571428572,0.2,0.16,0.5,100.0,0.30264299343955015
669326,Bryce Teodosio,Angels,LF,19,95,13.4,2.875,2.34,,,44.5,38.5,16,2.53125,2.6875,0.2200840465116279,0.08,0.28,0.16,0.0,0.25,0.06976744186046512,0.3488372093023256,0.24,0.5,100.0,0.3136957222222222
664728,Kyle Isbel,Royals,CF,55,95,38.8,2.874,2.92,1.5,2.0,160.5,111.5,27,1.962962962962963,3.111111111111111,0.23340657142857144,0.0,0.3709677419354839,0.25806451612903225,0.0,0.0,0.047619047619047616,0.2261904761904762,0.16129032258064516,0.5,100.0,0.313712762705082
694728,Brice Matthews,Astros,CF,73,96,50.2,2.869,2.9,2.83,24.0,211.5,144.0,24,2.8333333333333335,2.625,0.25663733333333333,0.11904761904761904,0.30952380952380953,0.2619047619047619,0.046875,0.08333333333333333,0.06349206349206349,0.2857142857142857,0.2619047619047619,0.5,100.0,0.31794421920903954
691011,Drew Romo,White Sox,C,33,93,24.5,2.864,2.92,0.88,12.0,96.5,70.2,12,0.875,3.25,0.17219523076923077,0.03571428571428571,0.21428571428571427,0.17857142857142858,0.0,0.0,0.07692307692307693,0.23076923076923078,0.35714285714285715,0.5,100.0,0.32492551673944686
642133,Rowdy Tellez,Braves,PH,7,93,5.2,2.853,2.71,2.71,7.0,19.0,14.8,7,2.7142857142857144,1.5714285714285714,0.5064125454545455,0.2857142857142857,0.42857142857142855,0.5714285714285714,0.09090909090909091,0.0,0.09090909090909091,0.2727272727272727,0.5714285714285714,0.5,100.0,0.3229963621412448
678577,Junior Perez,White Sox,CF,12,93,8.9,2.848,2.46,2.46,12.0,29.5,25.3,12,2.4583333333333335,2.5833333333333335,0.2816947741935484,0.11764705882352941,0.47058823529411764,0.35294117647058826,0.06451612903225806,0.0,0.03225806451612903,0.41935483870967744,0.29411764705882354,0.5,100.0,0.32492551673944686
665953,Andrés Chaparro,Nationals,DH,28,95,19.7,2.821,2.2,2.06,16.0,61.5,55.6,16,2.0625,2.3125,0.2817698108108108,0.15789473684210525,0.5789473684210527,0.3157894736842105,0.027777777777777776,0.0,0.10810810810810811,0.35135135135135137,0.21052631578947367,0.5,100.0,0.3313062801784221
660844,Leo Rivas,Mariners,SS,35,95,24.7,2.819,2.09,,,73.0,69.6,22,1.7272727272727273,3.227272727272727,0.23996085915492957,0.022727272727272728,0.18181818181818182,0.3181818181818182,0.0,0.045454545454545456,0.08450704225352113,0.28169014084507044,0.3409090909090909,0.5,100.0,0.32678888293760355
669236,Jeremiah Jackson,Orioles,PH,61,95,43.0,2.808,3.98,3.54,12.0,242.5,120.7,13,4.115384615384615,2.769230769230769,0.25375,0.034482758620689655,0.3103448275862069,0.27586206896551724,0.027777777777777776,0.07692307692307693,0.0,0.19444444444444445,0.13793103448275862,0.5,100.0,0.3248489634042553
694208,Moisés Ballesteros,Cubs,C,59,94,42.7,2.803,3.14,2.06,9.0,185.0,119.7,22,1.7727272727272727,2.772727272727273,0.25999616393442626,0.0,0.4358974358974359,0.20512820512820512,0.0,0.045454545454545456,0.11475409836065574,0.2459016393442623,0.1794871794871795,0.5,100.0,0.32640359554472675
676694,Jake Meyers,Astros,CF,43,96,29.6,2.799,2.93,2.24,19.0,126.0,82.9,25,2.38,3.04,0.2237853947368421,0.03571428571428571,0.25,0.21428571428571427,0.013157894736842105,0.0,0.06578947368421052,0.19736842105263158,0.21428571428571427,0.5,100.0,0.3182604323599523
669398,Gage Workman,Tigers,3B,16,93,11.9,2.795,2.22,,,35.5,33.3,16,2.21875,2.375,0.3105263157894737,0.22727272727272727,0.45454545454545453,0.5,0.05263157894736842,0.0,0.0,0.42105263157894735,0.22727272727272727,0.5,100.0,0.3222229627780299
686894,Joey Wiemer,Nationals,CF,26,95,18.3,2.793,4.48,,,116.5,51.1,16,3.65625,2.6875,0.2843618372093023,0.1,0.4,0.3,0.023255813953488372,0.0625,0.13953488372093023,0.37209302325581395,0.05,0.5,100.0,0.3308215334773218
694876,Cooper Ingle,Guardians,DH,7,95,4.9,2.786,1.79,1.79,7.0,12.5,13.7,7,1.7857142857142858,3.4285714285714284,0.17523391666666666,0.0,0.4444444444444444,0.2222222222222222,0.0,0.0,0.125,0.5,0.0,0.5,100.0,0.3017113614388489
664774,LaMonte Wade Jr.,Astros,LF,8,96,5.5,2.784,4.12,4.71,7.0,33.0,15.3,7,4.714285714285714,3.142857142857143,0.21959436363636364,0.0,0.3333333333333333,0.4,0.045454545454545456,0.0,0.09090909090909091,0.22727272727272727,0.2,0.5,100.0,0.31794421920903954
596117,Garrett Stubbs,Phillies,P,11,95,7.8,2.783,1.77,1.83,3.0,19.5,21.7,5,1.3,2.8,0.3302285714285714,0.0,0.42857142857142855,0.42857142857142855,0.0,0.0,0.07142857142857142,0.2857142857142857,0.2857142857142857,1.0,103.0,0.31496547483989024
660710,Rodolfo Durán,Padres,C,29,94,21.0,2.779,2.48,2.83,18.0,72.0,58.4,18,2.8333333333333335,2.9444444444444446,0.19977358490566038,0.05,0.3,0.175,0.03773584905660377,0.0,0.0,0.2641509433962264,0.225,0.5,100.0,0.308381512866016
669004,MJ Melendez,Mets,LF,55,95,38.8,2.779,2.27,2.07,15.0,125.0,107.8,26,2.076923076923077,2.6153846153846154,0.27863976470588236,0.06060606060606061,0.5151515151515151,0.36363636363636365,0.03076923076923077,0.0,0.1323529411764706,0.35294117647058826,0.42424242424242425,0.5,100.0,0.322086410367893
641555,J.C. Escarra,Yankees,C,29,94,21.0,2.777,2.45,2.19,8.0,71.0,58.3,15,1.9333333333333333,2.933333333333333,0.21167304545454543,0.029411764705882353,0.3235294117647059,0.2647058823529412,0.0,0.0,0.06818181818181818,0.1590909090909091,0.23529411764705882,0.5,100.0,0.33961977306468716
649966,Luis Urías,Blue Jays,2B,9,94,6.5,2.772,2.89,2.89,9.0,26.0,18.0,9,2.888888888888889,2.888888888888889,0.3027159230769231,0.05,0.2,0.4,0.038461538461538464,0.0,0.11538461538461539,0.11538461538461539,0.35,0.5,100.0,0.2990136910735123
680718,Addison Barger,Blue Jays,RF,9,94,6.5,2.764,1.67,,,15.0,18.0,7,1.6428571428571428,2.857142857142857,0.2479307,0.0,0.45454545454545453,0.2727272727272727,0.0,0.0,0.15,0.3,0.45454545454545453,0.0,98.0,0.3378307064516129
670224,Kameron Misner,Royals,CF,14,95,9.9,2.761,2.71,2.71,14.0,38.0,27.3,14,2.7142857142857144,3.0714285714285716,0.2093273488372093,0.0,0.2,0.28,0.0,0.21428571428571427,0.046511627906976744,0.3953488372093023,0.4,0.5,100.0,0.31755124639387694
687363,Victor Scott II,Cardinals,CF,56,92,42.6,2.738,2.66,4.0,2.0,149.0,116.6,28,2.732142857142857,2.857142857142857,0.2977896625,0.0,0.21052631578947367,0.3508771929824561,0.0125,0.14285714285714285,0.1125,0.2125,0.19298245614035087,0.5,100.0,0.3259660396871379
673490,Ha-Seong Kim,Braves,SS,24,93,17.8,2.735,1.42,0.5,10.0,34.0,48.7,14,0.6428571428571429,3.357142857142857,0.18437638297872339,0.037037037037037035,0.14814814814814814,0.25925925925925924,0.0,0.0,0.10638297872340426,0.3191489361702128,0.4074074074074074,0.5,100.0,0.3216973392185239
623168,Tyler Heineman,Angels,C,36,95,25.4,2.731,1.83,2.14,7.0,66.0,69.4,7,2.142857142857143,3.142857142857143,0.2907517272727273,0.0,0.1111111111111111,0.3333333333333333,0.0,0.0,0.045454545454545456,0.13636363636363635,0.3333333333333333,0.5,100.0,0.3117045191380777
693459,Kyler Fedko,Twins,CF,6,95,4.2,2.725,0.33,0.33,6.0,2.0,11.4,6,0.3333333333333333,3.0,0.16794866666666666,0.0,0.5,0.125,0.0,0.0,0.1111111111111111,0.4444444444444444,0.375,0.5,100.0,0.31288474011461315
606992,Eric Haase,Giants,C,26,94,18.8,2.698,2.88,0.54,12.0,75.0,50.7,14,1.5714285714285714,3.142857142857143,0.17730643181818181,0.08695652173913043,0.2608695652173913,0.17391304347826086,0.023255813953488372,0.0,0.09090909090909091,0.4318181818181818,0.17391304347826086,0.5,100.0,0.30933209541984735
669288,Daniel Johnson,Astros,LF,7,96,4.8,2.696,1.07,,,7.5,12.9,7,1.0714285714285714,2.4285714285714284,0.34143570588235295,0.0,0.45454545454545453,0.18181818181818182,0.0,0.0,0.11764705882352941,0.17647058823529413,0.09090909090909091,0.5,100.0,0.3409623742647059
624424,Michael Conforto,Cubs,DH,62,94,44.9,2.691,3.18,3.36,22.0,197.0,120.8,22,3.3636363636363638,2.6818181818181817,0.26276528813559324,0.08333333333333333,0.3055555555555556,0.3888888888888889,0.06666666666666667,0.045454545454545456,0.06779661016949153,0.3220338983050847,0.3055555555555556,0.5,100.0,0.3248021525377229
666126,Carlos Cortes,Athletics,P,70,94,50.6,2.69,3.47,2.33,20.0,243.0,136.1,20,2.325,2.85,0.23295450877192983,0.04878048780487805,0.36585365853658536,0.36585365853658536,0.017857142857142856,0.0,0.03508771929824561,0.22807017543859648,0.21951219512195122,0.5,100.0,0.3156479264081517
663494,Bryan Torres,Cardinals,PH,23,92,17.5,2.676,3.11,2.71,14.0,71.5,46.8,14,2.7142857142857144,2.142857142857143,0.27308459999999996,0.13043478260869565,0.391304347826087,0.391304347826087,0.0967741935483871,0.07142857142857142,0.03333333333333333,0.23333333333333334,0.391304347826087,0.5,100.0,0.3259660396871379
669224,Austin Wells,Yankees,C,64,94,46.3,2.659,2.45,2.12,17.0,156.5,123.1,17,2.1176470588235294,2.7058823529411766,0.22235952173913046,0.06666666666666667,0.4,0.36666666666666664,0.043478260869565216,0.058823529411764705,0.021739130434782608,0.34782608695652173,0.2,0.5,100.0,0.3236690838392599
701852,Drew Cavanaugh,Giants,C,11,94,8.0,2.657,2.05,2.05,11.0,22.5,21.3,11,2.0454545454545454,3.0,0.28865496969696974,0.08695652173913043,0.21739130434782608,0.43478260869565216,0.0,0.0,0.09090909090909091,0.24242424242424243,0.08695652173913043,0.5,100.0,0.31067710785735
669087,Sam Huff,Orioles,C,8,95,5.6,2.655,1.69,1.0,5.0,13.5,14.9,5,1.0,2.8,0.16307142857142856,0.125,0.5,0.375,0.0,0.0,0.0,0.42857142857142855,0.25,0.5,100.0,0.3250424799203452
687749,Jase Bowen,Padres,RF,18,94,13.0,2.635,1.33,1.47,15.0,24.0,34.3,15,1.4666666666666666,2.3333333333333335,0.2604593142857143,0.14285714285714285,0.2857142857142857,0.2857142857142857,0.0,0.2,0.05714285714285714,0.34285714285714286,0.38095238095238093,0.5,100.0,0.308381512866016
624512,Reese McGuire,White Sox,C,10,93,7.4,2.631,1.95,,,19.5,19.5,10,1.95,3.3,0.24226478787878789,0.0,0.09523809523809523,0.3333333333333333,0.0,0.0,0.06060606060606061,0.2727272727272727,0.38095238095238093,0.5,100.0,0.3235943891257996
543877,Christian Vázquez,Astros,C,57,96,39.2,2.628,3.06,2.17,15.0,174.5,103.0,17,2.2941176470588234,3.176470588235294,0.18322362962962963,0.0,0.21951219512195122,0.34146341463414637,0.0,0.058823529411764705,0.037037037037037035,0.2222222222222222,0.1951219512195122,0.5,100.0,0.3191767073588134
694376,Shay Whitcomb,Astros,3B,15,96,10.3,2.626,1.73,4.25,2.0,26.0,27.0,5,2.5,1.8,0.40855555555555556,0.14285714285714285,0.5714285714285714,0.7142857142857143,0.1111111111111111,0.0,0.0,0.2222222222222222,0.42857142857142855,0.5,100.0,0.31794421920903954
606115,Orlando Arcia,Twins,SS,17,95,12.0,2.625,2.65,2.6,5.0,45.0,31.5,17,2.6470588235294117,2.9411764705882355,0.24472152000000003,0.025,0.25,0.35,0.02,0.0,0.04,0.16,0.175,0.5,100.0,0.30844397671840357
669384,Raynel Delgado,Astros,SS,12,96,8.2,2.61,2.88,2.88,12.0,34.5,21.4,12,2.875,2.6666666666666665,0.275439875,0.038461538461538464,0.3076923076923077,0.34615384615384615,0.03125,0.0,0.0625,0.15625,0.23076923076923078,0.5,100.0,0.3182604323599523
672016,Denzel Clarke,Athletics,CF,21,94,15.2,2.607,2.14,,,45.0,39.6,21,2.142857142857143,2.6666666666666665,0.20894914285714286,0.03225806451612903,0.4838709677419355,0.16129032258064516,0.0,0.09523809523809523,0.07142857142857142,0.42857142857142855,0.0967741935483871,0.5,100.0,0.31710316160388824
656537,Derek Hill,Phillies,CF,58,95,40.9,2.605,2.89,3.81,21.0,167.5,106.5,21,3.8095238095238093,2.6666666666666665,0.2995549285714286,0.13333333333333333,0.36666666666666664,0.6,0.05357142857142857,0.047619047619047616,0.03571428571428571,0.44642857142857145,0.2,0.5,100.0,0.3179612054951345
667472,Dane Myers,Reds,CF,54,93,40.1,2.599,2.88,2.92,13.0,155.5,104.2,18,2.638888888888889,2.611111111111111,0.31353676595744684,0.0,0.3448275862068966,0.41379310344827586,0.0,0.16666666666666666,0.1276595744680851,0.2553191489361702,0.10344827586206896,0.5,100.0,0.32510074127243066
671655,George Valera,Guardians,PH,13,95,9.2,2.593,2.58,,,33.5,23.9,13,2.576923076923077,2.923076923076923,0.19843521052631577,0.0,0.3448275862068966,0.20689655172413793,0.0,0.0,0.02631578947368421,0.21052631578947367,0.10344827586206896,0.5,100.0,0.3169018967343336
660162,Yoán Moncada,Angels,PH,41,95,28.9,2.583,2.6,,,106.5,74.6,25,1.8,2.48,0.270277870967742,0.08571428571428572,0.45714285714285713,0.37142857142857144,0.015625,0.04,0.0967741935483871,0.3387096774193548,0.3142857142857143,0.5,100.0,0.3125510351521511
687551,Drew Gilbert,Giants,CF,71,94,51.4,2.579,2.86,2.61,28.0,203.0,132.6,28,2.607142857142857,2.75,0.34330453246753245,0.0,0.3018867924528302,0.4339622641509434,0.013513513513513514,0.0,0.15584415584415584,0.12987012987012986,0.1320754716981132,0.5,100.0,0.31067710785735
668885,Austin Martin,Twins,RF,76,95,53.6,2.548,3.53,2.48,22.0,268.5,136.6,22,2.477272727272727,2.8636363636363638,0.321644126984127,0.0,0.2647058823529412,0.3235294117647059,0.0,0.0,0.1746031746031746,0.25396825396825395,0.23529411764705882,0.5,100.0,0.3125409186763881
642201,Eli White,Braves,RF,48,93,35.6,2.547,2.73,2.56,18.0,131.0,90.7,19,2.6578947368421053,2.526315789473684,0.2730560416666667,0.03333333333333333,0.3,0.3,0.04081632653061224,0.10526315789473684,0.10416666666666667,0.2708333333333333,0.23333333333333334,0.5,100.0,0.3232789310658974
663993,Nathaniel Lowe,Reds,DH,67,93,49.7,2.543,3.58,2.09,23.0,240.0,126.4,25,1.92,2.96,0.2807546216216216,0.02564102564102564,0.28205128205128205,0.3333333333333333,0.0,0.0,0.12162162162162163,0.35135135135135137,0.1794871794871795,0.5,100.0,0.32003167060248255
665561,Rafael Marchán,Phillies,C,28,95,19.7,2.543,1.62,2.12,8.0,45.5,50.1,8,2.125,2.75,0.2782062727272727,0.05,0.15,0.45,0.045454545454545456,0.0,0.045454545454545456,0.045454545454545456,0.2,0.5,100.0,0.3179612054951345
687597,Jordan Beck,Rockies,LF,29,96,19.9,2.523,2.74,,,79.5,50.2,21,2.9047619047619047,2.857142857142857,0.28616023333333335,0.024390243902439025,0.21951219512195122,0.3902439024390244,0.016666666666666666,0.047619047619047616,0.05,0.26666666666666666,0.21951219512195122,0.5,100.0,0.3072618382173382
687515,Colby Thomas,Athletics,LF,40,94,28.9,2.517,2.49,2.29,19.0,99.5,72.7,19,2.289473684210526,2.526315789473684,0.19759454166666668,0.09375,0.34375,0.3125,0.041666666666666664,0.05263157894736842,0.020833333333333332,0.3125,0.40625,0.5,100.0,0.3156479264081517
670770,TJ Friedl,Reds,CF,57,93,42.3,2.484,2.74,2.41,11.0,156.0,105.1,11,2.409090909090909,2.8181818181818183,0.21608432258064517,0.05263157894736842,0.2631578947368421,0.3157894736842105,0.03125,0.0,0.0967741935483871,0.3225806451612903,0.42105263157894735,0.5,100.0,0.3190471303317536
609280,Miguel Andujar,Padres,DH,70,94,50.6,2.482,3.45,2.28,20.0,241.5,125.6,20,2.275,2.45,0.33183561224489794,0.025,0.325,0.325,0.0,0.0,0.061224489795918366,0.10204081632653061,0.175,0.5,100.0,0.308381512866016
805672,Collin Price,Astros,C,5,96,3.4,2.455,1.5,1.62,4.0,7.5,8.3,5,1.5,2.6,0.3018875384615385,0.0,0.5,0.3333333333333333,0.0,0.0,0.07692307692307693,0.46153846153846156,0.3333333333333333,0.5,100.0,0.32262031650201245
666181,Will Benson,Reds,PH,48,93,35.6,2.452,2.01,0.5,4.0,96.5,87.3,17,1.5294117647058822,2.235294117647059,0.26733194736842103,0.15789473684210525,0.42105263157894735,0.3684210526315789,0.02702702702702703,0.0,0.07894736842105263,0.39473684210526316,0.47368421052631576,0.5,100.0,0.3287697985362096
680737,Michael Helman,Rangers,CF,11,94,8.0,2.447,1.86,5.25,2.0,20.5,19.6,11,1.8636363636363635,3.090909090909091,0.20035882352941176,0.0,0.07692307692307693,0.34615384615384615,0.03225806451612903,0.0,0.029411764705882353,0.17647058823529413,0.4230769230769231,0.5,100.0,0.3143080126971912
695508,Cam Cauley,Rangers,CF,7,94,5.1,2.445,2.36,2.36,7.0,16.5,12.5,7,2.357142857142857,3.0,0.2508607619047619,0.0,0.125,0.25,0.0,0.0,0.09523809523809523,0.14285714285714285,0.0625,0.5,100.0,0.31463714091827893
665861,Sebastián Rivero,Angels,C,19,95,13.4,2.435,2.87,15.0,2.0,54.5,32.6,16,3.03125,2.9375,0.26397051063829785,0.0,0.17647058823529413,0.29411764705882354,0.0,0.0,0.06382978723404255,0.23404255319148937,0.23529411764705882,0.5,100.0,0.31738292157627784
687637,Dylan Beavers,Orioles,RF,41,95,28.9,2.424,3.65,2.31,8.0,149.5,70.1,8,2.3125,2.875,0.25530765217391305,0.06666666666666667,0.26666666666666666,0.5333333333333333,0.0,0.0,0.08695652173913043,0.2608695652173913,0.2,0.5,100.0,0.3248489634042553
600869,Jeimer Candelario,Angels,PH,7,95,4.9,2.42,1.64,,,11.5,11.9,7,1.6428571428571428,2.857142857142857,0.21774345,0.0,0.4,0.3,0.0,0.0,0.05,0.4,0.3,0.5,100.0,0.3117045191380777
672012,Tyler Black,Brewers,DH,9,93,6.7,2.417,4.44,,,40.0,16.2,9,4.444444444444445,3.111111111111111,0.1913763571428571,0.0,0.15,0.25,0.0,0.0,0.03571428571428571,0.25,0.25,0.5,100.0,0.31575659081272084
656484,Tristan Gray,Twins,SS,57,95,40.2,2.413,3.27,1.7,20.0,186.5,97.0,20,1.7,3.0,0.19553459999999998,0.02702702702702703,0.2972972972972973,0.32432432432432434,0.0,0.0,0.03333333333333333,0.35,0.16216216216216217,0.5,100.0,0.3125409186763881
690924,Braxton Fulford,Rockies,C,30,96,20.6,2.408,2.35,2.11,18.0,70.5,49.6,18,2.111111111111111,2.388888888888889,0.23638332558139535,0.16666666666666666,0.3333333333333333,0.2777777777777778,0.0,0.1111111111111111,0.09302325581395349,0.46511627906976744,0.2222222222222222,0.5,100.0,0.3091372676880223
608701,Rob Refsnyder,Mariners,RF,49,95,34.6,2.347,1.51,0.85,10.0,74.0,81.2,16,1.90625,2.4375,0.256603358974359,0.034482758620689655,0.27586206896551724,0.20689655172413793,0.02702702702702703,0.0,0.02564102564102564,0.1794871794871795,0.1724137931034483,0.5,100.0,0.3224928162670123
664702,Myles Straw,Blue Jays,LF,68,94,49.2,2.338,2.39,2.48,21.0,162.5,115.0,21,2.4761904761904763,2.5714285714285716,0.2624558148148148,0.0,0.25,0.2916666666666667,0.018867924528301886,0.0,0.05555555555555555,0.07407407407407407,0.20833333333333334,0.5,100.0,0.2990136910735123
695238,Will Wagner,Padres,PH,16,94,11.6,2.329,2.28,2.28,16.0,36.5,27.0,16,2.28125,2.6875,0.3293451627906977,0.0,0.18518518518518517,0.2962962962962963,0.0,0.0,0.20930232558139536,0.16279069767441862,0.14814814814814814,0.5,100.0,0.31153148554135845
688363,Graham Pauley,Marlins,1B,33,95,23.3,2.297,2.59,5.75,2.0,85.5,53.5,12,2.375,2.6666666666666665,0.2390191875,0.0,0.17391304347826086,0.30434782608695654,0.03125,0.0,0.09375,0.1875,0.391304347826087,0.0,102.0,0.30075842671166825
664731,P.J. Higgins,Reds,C,10,93,7.4,2.291,2.45,0.0,2.0,24.5,17.0,6,2.9166666666666665,2.8333333333333335,0.27709047058823527,0.0,0.2,0.4,0.0,0.0,0.058823529411764705,0.23529411764705882,0.2,0.5,100.0,0.3190471303317536
669397,Nick Allen,Astros,SS,35,96,24.1,2.289,2.69,2.9,10.0,94.0,55.2,12,2.5833333333333335,2.9166666666666665,0.17464611428571428,0.0,0.13636363636363635,0.22727272727272727,0.0,0.08333333333333333,0.08571428571428572,0.2857142857142857,0.3181818181818182,0.5,100.0,0.31794421920903954
656582,Connor Joe,Mariners,LF,18,95,12.7,2.286,2.11,1.0,2.0,38.0,29.0,5,1.0,2.2,0.34160127272727275,0.0,0.5,0.25,0.0,0.2,0.2727272727272727,0.36363636363636365,0.0,1.0,95.0,0.32680851693083574
670156,Miles Mastrobuoni,Mariners,RF,9,95,6.3,2.28,2.06,2.06,9.0,18.5,14.4,9,2.0555555555555554,3.111111111111111,0.17603842857142857,0.0,0.17647058823529413,0.29411764705882354,0.0,0.0,0.07142857142857142,0.35714285714285715,0.29411764705882354,0.5,100.0,0.3201166018306636
677595,Ronny Mauricio,Mets,SS,17,95,12.0,2.257,1.88,0.93,7.0,32.0,27.1,7,0.9285714285714286,2.5714285714285716,0.16994444444444443,0.08333333333333333,0.3333333333333333,0.25,0.0,0.0,0.0,0.3333333333333333,0.25,0.5,100.0,0.3227389786603438
642020,Chuckie Robinson,Dodgers,C,8,95,5.6,2.223,0.94,0.94,8.0,7.5,12.4,8,0.9375,2.875,0.15795652173913044,0.0,0.15,0.2,0.0,0.0,0.0,0.21739130434782608,0.15,0.5,100.0,0.3495424398923445
669743,Alex Call,Dodgers,RF,47,95,33.1,2.216,2.99,2.32,19.0,140.5,73.3,19,2.3157894736842106,2.5789473684210527,0.2236848775510204,0.03333333333333333,0.16666666666666666,0.3,0.020833333333333332,0.05263157894736842,0.12244897959183673,0.24489795918367346,0.3,0.5,100.0,0.34704850083287064
669289,Santiago Espinal,Dodgers,2B,26,95,18.3,2.165,2.25,2.8,5.0,58.5,39.6,12,3.0,2.1666666666666665,0.3198668461538462,0.045454545454545456,0.2727272727272727,0.5,0.04,0.0,0.038461538461538464,0.11538461538461539,0.22727272727272727,0.5,100.0,0.35335285115766263
663368,Blake Perkins,Brewers,RF,42,93,31.2,2.163,2.21,3.54,12.0,93.0,67.5,15,3.1,2.0,0.34183840000000004,0.045454545454545456,0.3181818181818182,0.36363636363636365,0.03333333333333333,0.06666666666666667,0.13333333333333333,0.13333333333333333,0.09090909090909091,0.5,100.0,0.3216311396123561
678489,Jorge Barrosa,D-backs,CF,45,94,32.6,2.113,2.57,3.44,9.0,115.5,68.9,9,3.4444444444444446,2.0,0.2708931111111111,0.07692307692307693,0.38461538461538464,0.3076923076923077,0.05555555555555555,0.0,0.1111111111111111,0.2777777777777778,0.46153846153846156,0.5,100.0,0.30977675153823614
686780,Pedro Pagés,Cardinals,C,47,92,35.8,2.112,2.8,1.69,13.0,131.5,75.6,13,1.6923076923076923,2.4615384615384617,0.2384543125,0.0,0.45,0.35,0.0,0.0,0.03125,0.34375,0.1,0.5,100.0,0.3259660396871379
681807,David Fry,Guardians,RF,62,95,43.7,2.101,2.34,1.79,24.0,145.0,91.8,25,1.72,2.04,0.2484267843137255,0.10344827586206896,0.3448275862068966,0.2413793103448276,0.058823529411764705,0.0,0.13725490196078433,0.29411764705882354,0.3793103448275862,0.5,100.0,0.3017113614388489
675659,Greg Jones,Brewers,2B,9,93,6.7,2.063,0.89,0.0,1.0,8.0,13.8,7,1.1428571428571428,2.4285714285714284,0.21105882352941177,0.0,0.3333333333333333,0.3333333333333333,0.0,0.14285714285714285,0.0,0.35294117647058826,0.08333333333333333,1.0,101.0,0.31356576342129205
622761,Jorge Mateo,Braves,SS,49,93,36.4,2.051,3.22,1.24,19.0,158.0,74.7,20,1.175,2.25,0.22990253333333333,0.038461538461538464,0.46153846153846156,0.4230769230769231,0.0,0.05,0.06666666666666667,0.35555555555555557,0.3076923076923077,0.5,100.0,0.32092686631486367
668942,Josh Rojas,Royals,3B,14,95,9.9,2.026,2.32,2.04,13.0,32.5,20.1,13,2.0384615384615383,2.3076923076923075,0.18545126666666664,0.045454545454545456,0.3181818181818182,0.36363636363636365,0.03333333333333333,0.0,0.03333333333333333,0.23333333333333334,0.45454545454545453,0.5,100.0,0.31933881526674235
677956,Rece Hinds,Reds,RF,12,93,8.9,1.999,2.08,,,25.0,17.8,12,2.0833333333333335,2.8333333333333335,0.16131967647058823,0.0,0.2857142857142857,0.2857142857142857,0.0,0.0,0.029411764705882353,0.5294117647058824,0.35714285714285715,0.5,100.0,0.33143572236076474
807747,Rikuu Nishida,White Sox,RF,11,93,8.2,1.936,2.05,2.0,2.0,22.5,15.9,11,2.0454545454545454,2.6363636363636362,0.24731034482758624,0.0,0.12,0.4,0.0,0.0,0.0,0.1724137931034483,0.08,0.5,100.0,0.32492551673944686
676572,Eric Wagaman,Mets,DH,15,95,10.6,1.872,2.23,1.92,13.0,33.5,19.8,13,1.9230769230769231,2.076923076923077,0.2720968148148148,0.05555555555555555,0.2777777777777778,0.3888888888888889,0.037037037037037035,0.0,0.1111111111111111,0.2222222222222222,0.2777777777777778,0.5,100.0,0.32115692946184254
656413,Stuart Fairchild,Guardians,PH,12,95,8.5,1.87,1.96,2.19,8.0,23.5,15.9,12,1.9583333333333333,2.25,0.280448037037037,0.0,0.4,0.4,0.0,0.16666666666666666,0.25925925925925924,0.5185185185185185,0.2,0.5,100.0,0.3064305097972973
642215,Weston Wilson,Mariners,3B,24,95,16.9,1.858,2.52,2.25,6.0,60.5,31.4,6,2.25,2.3333333333333335,0.15857142857142859,0.0,0.1111111111111111,0.3333333333333333,0.0,0.3333333333333333,0.0,0.35714285714285715,0.2222222222222222,0.5,100.0,0.32163693130227
666464,Jerar Encarnacion,Giants,RF,16,94,11.6,1.834,0.97,,,15.5,21.3,16,0.96875,2.1875,0.21015822857142857,0.07692307692307693,0.34615384615384615,0.38461538461538464,0.0,0.0,0.02857142857142857,0.22857142857142856,0.15384615384615385,0.5,100.0,0.2936085789473684
571657,Kyle Farmer,Braves,2B,9,93,6.7,1.804,1.83,0.0,1.0,16.5,12.1,5,2.5,2.2,0.25,0.0,0.375,0.375,0.0,0.0,0.0,0.2727272727272727,0.0,1.0,101.0,0.3392123823529412
663624,Ryan Mountcastle,Orioles,DH,8,95,5.6,1.788,1.5,,,12.0,10.0,8,1.5,1.875,0.30070253333333335,0.0,0.4166666666666667,0.3333333333333333,0.0,0.0,0.06666666666666667,0.13333333333333333,0.08333333333333333,0.5,100.0,0.31041234674329504
672284,Jarred Kelenic,Rangers,LF,23,94,16.6,1.769,2.3,1.38,4.0,53.0,29.4,5,1.1,2.4,0.22508966666666666,0.0,0.25,0.25,0.0,0.0,0.16666666666666666,0.5,0.75,0.5,100.0,0.3153168704780362
683227,Cody Freeman,Rangers,LF,7,94,5.1,1.767,1.5,1.42,6.0,10.5,9.0,7,1.5,2.5714285714285716,0.16391877777777777,0.0,0.16666666666666666,0.16666666666666666,0.0,0.0,0.05555555555555555,0.2777777777777778,0.08333333333333333,0.5,100.0,0.31227897950530037
457705,Andrew McCutchen,Rangers,LF,37,94,26.8,1.756,1.73,,,64.0,47.1,23,1.326086956521739,2.217391304347826,0.22244639215686274,0.0,0.2222222222222222,0.25,0.0,0.0,0.13725490196078433,0.1568627450980392,0.3055555555555556,0.5,100.0,0.3178343944162436
640492,José Azócar,Braves,LF,10,93,7.4,1.74,1.8,1.75,2.0,18.0,12.9,7,2.0714285714285716,2.142857142857143,0.29943586666666666,0.0,0.2727272727272727,0.2727272727272727,0.0,0.0,0.06666666666666667,0.2,0.09090909090909091,0.0,95.0,0.33733127614831215
663584,Hayden Senger,Mets,C,7,95,4.9,1.702,2.0,,,14.0,8.3,7,2.0,2.142857142857143,0.18113333333333334,0.0,0.23076923076923078,0.15384615384615385,0.06666666666666667,0.0,0.0,0.26666666666666666,0.15384615384615385,0.5,100.0,0.3196694760840411
645305,Ali Sánchez,Yankees,C,14,94,10.1,1.661,2.14,2.14,14.0,30.0,16.8,14,2.142857142857143,2.357142857142857,0.28617784848484845,0.0,0.13636363636363635,0.45454545454545453,0.0,0.0,0.030303030303030304,0.2727272727272727,0.2727272727272727,0.5,100.0,0.32467033569739956
686823,Will Brennan,Giants,RF,11,94,8.0,1.619,0.36,,,4.0,13.0,9,0.4444444444444444,2.111111111111111,0.18910526315789475,0.0,0.25,0.25,0.0,0.0,0.0,0.15789473684210525,0.25,0.5,100.0,0.31067710785735
677060,Chad Stevens,Rockies,2B,14,96,9.6,1.607,0.89,0.0,4.0,12.5,15.4,14,0.8928571428571429,2.357142857142857,0.2151421212121212,0.06666666666666667,0.2,0.4666666666666667,0.0,0.0,0.15151515151515152,0.3939393939393939,0.4666666666666667,0.5,100.0,0.3094241259992387
682641,Luis Matos,Brewers,RF,9,93,6.7,1.549,1.17,,,10.5,10.4,9,1.1666666666666667,2.3333333333333335,0.12964466666666669,0.0,0.23076923076923078,0.07692307692307693,0.0,0.0,0.047619047619047616,0.3333333333333333,0.07692307692307693,0.5,100.0,0.31393286819172117
686554,Oliver Dunn,Rays,SS,6,92,4.6,1.533,1.58,,,9.5,7.1,6,1.5833333333333333,2.0,0.20687816666666667,0.0,0.25,0.0,0.0,0.0,0.08333333333333333,0.25,0.0,0.5,100.0,0.30886332848705134
669369,Bryce Johnson,Padres,RF,20,94,14.5,1.481,1.8,0.67,3.0,36.0,21.5,9,1.0,2.4444444444444446,0.18852445454545458,0.0,0.0,0.3076923076923077,0.0,0.1111111111111111,0.045454545454545456,0.36363636363636365,0.3076923076923077,0.5,100.0,0.308381512866016
690984,Petey Halpin,Guardians,RF,24,95,16.9,1.474,1.6,1.59,11.0,38.5,24.9,11,1.5909090909090908,2.1818181818181817,0.17683333333333331,0.05555555555555555,0.2222222222222222,0.3888888888888889,0.0,0.0,0.0,0.3333333333333333,0.3888888888888889,0.5,100.0,0.3017113614388489
813841,Jonah Cox,Giants,2B,14,94,10.1,1.364,2.32,1.56,9.0,32.5,13.8,14,2.3214285714285716,1.8571428571428572,0.2625,0.07142857142857142,0.35714285714285715,0.5714285714285714,0.038461538461538464,0.07142857142857142,0.0,0.5769230769230769,0.2857142857142857,0.5,100.0,0.3078699145431945
624428,Adam Frazier,Angels,DH,35,95,24.7,1.335,2.46,,,86.0,33.0,13,1.1538461538461537,2.230769230769231,0.22222806896551722,0.0,0.125,0.3125,0.0,0.0,0.10344827586206896,0.3448275862068966,0.25,0.5,100.0,0.3176843576186511
640459,Brian Navarreto,Marlins,C,5,95,3.5,1.331,1.8,1.8,5.0,9.0,4.7,5,1.8,2.0,0.1775538,0.1111111111111111,0.1111111111111111,0.3333333333333333,0.0,0.0,0.1,0.2,0.1111111111111111,0.5,100.0,0.31265289355662784
805249,Otto Kemp,Phillies,LF,11,95,7.8,1.317,0.45,,,5.0,10.3,7,0.7142857142857143,2.4285714285714284,0.21497282352941177,0.0,0.125,0.5,0.0,0.0,0.058823529411764705,0.47058823529411764,0.25,1.0,103.0,0.32134516764705884
502054,Tommy Pham,Mets,LF,7,95,4.9,1.286,0.36,,,2.5,6.3,7,0.35714285714285715,2.0,0.13710985714285714,0.0,0.3333333333333333,0.16666666666666666,0.0,0.0,0.07142857142857142,0.5,0.5,0.5,100.0,0.32512481248210706
506702,Sandy León,Braves,C,19,93,14.1,1.227,0.42,1.0,4.0,8.0,17.3,18,0.3333333333333333,2.3333333333333335,0.13154761904761905,0.0,0.16666666666666666,0.25,0.0,0.0,0.0,0.42857142857142855,0.08333333333333333,0.5,100.0,0.3216973392185239
644433,Chadwick Tromp,Orioles,C,13,95,9.2,1.214,2.0,7.5,1.0,26.0,11.2,9,1.3888888888888888,2.0,0.1998888888888889,0.0,0.23076923076923078,0.46153846153846156,0.0,0.0,0.0,0.2777777777777778,0.3076923076923077,0.5,100.0,0.3227181134998419
628451,Andy Ibáñez,Mets,3B,12,95,8.5,1.181,1.38,,,16.5,10.0,8,0.75,2.0,0.113125,0.0,0.06666666666666667,0.26666666666666666,0.0,0.0,0.0,0.0625,0.4,0.5,100.0,0.32512481248210706
683766,Christian Koss,Giants,SS,9,94,6.5,1.18,0.72,1.0,2.0,6.5,7.7,6,0.5,2.1666666666666665,0.09946153846153848,0.0,0.18181818181818182,0.09090909090909091,0.0,0.0,0.0,0.15384615384615385,0.18181818181818182,1.0,94.0,0.29061871624548735
664059,Sam Haggerty,Rangers,LF,27,94,19.5,1.07,0.89,,,24.0,20.9,16,0.96875,1.75,0.18924532142857145,0.0,0.10526315789473684,0.15789473684210525,0.0,0.0625,0.03571428571428571,0.25,0.21052631578947367,0.5,100.0,0.3167441351602415
650968,Yohel Pozo,Cardinals,PH,15,92,11.4,0.983,1.8,,,27.0,11.2,9,1.7777777777777777,1.8888888888888888,0.23829411764705882,0.0,0.14285714285714285,0.5714285714285714,0.0,0.0,0.0,0.17647058823529413,0.07142857142857142,0.5,100.0,0.3259660396871379
660644,Vidal Bruján,Mets,LF,6,95,4.2,0.979,1.33,0.0,2.0,8.0,4.1,5,1.4,1.6,0.20375,0.0,0.125,0.125,0.0,0.0,0.0,0.125,0.0,0.5,100.0,0.3205371234848485
664238,Dylan Moore,Phillies,LF,10,95,7.1,0.908,0.65,,,6.5,6.4,10,0.65,1.5,0.2331076,0.0,0.3333333333333333,0.5,0.0,0.1,0.2,0.4,0.5,0.5,100.0,0.31219640346534655
701305,Zach Dezenzo,Astros,PH,25,96,17.2,0.882,2.28,3.3,5.0,57.0,15.2,5,3.3,2.0,0.3999076,0.0,0.0,1.0,0.0,0.2,0.2,0.4,0.0,0.5,100.0,0.31794421920903954
695257,Billy Cook,Pirates,CF,16,94,11.6,0.767,1.0,0.5,6.0,16.0,8.9,6,0.5,1.6666666666666667,0.1044,0.0,0.3333333333333333,0.3333333333333333,0.0,0.0,0.0,0.4,0.3333333333333333,0.5,100.0,0.3251526815214306
682634,Kevin Alcántara,Cubs,DH,11,94,8.0,0.651,1.09,2.25,4.0,12.0,5.2,6,1.5,1.6666666666666667,0.2258,0.0,0.14285714285714285,0.5714285714285714,0.0,0.0,0.0,0.3,0.2857142857142857,0.5,100.0,0.3248021525377229
663330,Jahmai Jones,Tigers,DH,56,93,41.5,0.614,1.22,0.54,14.0,68.5,25.5,14,0.5357142857142857,1.5,0.1642417142857143,0.0,0.2,0.1,0.0,0.0,0.09523809523809523,0.42857142857142855,0.2,0.5,100.0,0.32279028194726167
671083,Buddy Kennedy,Mariners,3B,8,95,5.6,0.578,0.12,0.2,5.0,1.0,3.2,5,0.2,1.4,0.1892197142857143,0.0,0.25,0.25,0.0,0.0,0.14285714285714285,0.2857142857142857,0.0,0.5,100.0,0.3201166018306636
681909,Justin Dean,Cubs,CF,5,94,3.6,0.515,3.5,3.5,5.0,17.5,1.9,5,3.5,1.2,0.363423,0.0,0.3333333333333333,0.6666666666666666,0.0,0.0,0.16666666666666666,0.3333333333333333,0.0,0.5,100.0,0.32515961867591786
670097,Zack Short,Mets,2B,22,95,15.5,0.464,1.55,0.64,7.0,34.0,7.2,7,0.6428571428571429,2.0,0.12003842857142856,0.0,0.0,0.3333333333333333,0.0,0.0,0.07142857142857142,0.5714285714285714,0.5,0.5,100.0,0.32512481248210706
690022,Ryan Ritter,Rockies,2B,5,96,3.4,0.443,0.7,,,3.5,1.5,5,0.7,1.4,0.16585714285714287,0.0,0.25,0.5,0.0,0.0,0.0,0.42857142857142855,0.75,0.5,100.0,0.3091372676880223
